time (us),x (mdps),y (mdps),z(mdps)
1759266319155649,-113.75,-1067.5,-682.5,
1759266319158429,490,-437.5,-988.75,
1759266319161016,210,-323.75,-997.5,
1759266319163697,271.25,-551.25,-1338.75,
1759266319166430,8.75,-883.75,-1391.25,
1759266319169243,-17.5,-735,-822.5,
1759266319172368,-192.5,-997.5,-1793.75,
1759266319175069,-297.5,-1277.5,-1286.25,
1759266319177694,26.25,-1207.5,-1610,
1759266319180323,411.25,-481.25,-1505,
1759266319183070,350,-70,-638.75,
1759266319185909,96.25,-350,717.5,
1759266319189018,192.5,-1137.5,1041.25,
1759266319191751,-551.25,-1207.5,595,
1759266319194469,1461.25,-630,341.25,
1759266319197015,761.25,-1286.25,971.25,
1759266319199690,831.25,-595,1277.5,
1759266319202371,673.75,-43.75,288.75,
1759266319205108,1356.25,140,1260,
1759266319207726,656.25,367.5,533.75,
1759266319210311,1881.25,-481.25,1102.5,
1759266319212895,1251.25,-227.5,787.5,
1759266319215556,2152.5,-743.75,1601.25,
1759266319218210,1645,-840,2100,
1759266319220948,1172.5,-131.25,1198.75,
1759266319223839,1925,201.25,1837.5,
1759266319226413,1312.5,-376.25,1706.25,
1759266319229056,1207.5,-271.25,2135,
1759266319232081,1303.75,-516.25,1347.5,
1759266319234680,1312.5,-332.5,1172.5,
1759266319237223,1093.75,-840,1426.25,
1759266319240014,1120,-210,1286.25,
1759266319242718,1067.5,-201.25,1225,
1759266319245436,1225,-245,1548.75,
1759266319248150,1207.5,-542.5,743.75,
1759266319250724,918.75,-323.75,1732.5,
1759266319253435,770,-1312.5,-87.5,
1759266319256367,1041.25,-945,980,
1759266319259158,1233.75,-1190,595,
1759266319261875,1207.5,-656.25,122.5,
1759266319264403,1960,-297.5,280,
1759266319266949,1820,-376.25,796.25,
1759266319269492,1837.5,-315,201.25,
1759266319272298,1557.5,-901.25,411.25,
1759266319275095,1732.5,-1295,-192.5,
1759266319277871,1093.75,-1977.5,-498.75,
1759266319280399,787.5,-2563.75,-1006.25,
1759266319282995,481.25,-2030,-1172.5,
1759266319285542,682.5,-1820,-1268.75,
1759266319288233,490,-1032.5,-1163.75,
1759266319291008,393.75,-761.25,-323.75,
1759266319293706,323.75,-717.5,-682.5,
1759266319296206,-253.75,-857.5,-192.5,
1759266319298733,122.5,-1295,113.75,
1759266319301335,-96.25,-1706.25,-17.5,
1759266319304020,-507.5,-1496.25,533.75,
1759266319307000,-831.25,-1601.25,218.75,
1759266319309709,-166.25,-1023.75,761.25,
1759266319312393,-385,-805,1155,
1759266319314995,507.5,-586.25,892.5,
1759266319317665,770,-376.25,997.5,
1759266319320337,507.5,-612.5,980,
1759266319323294,1050,-586.25,595,
1759266319326062,980,-1032.5,280,
1759266319328729,918.75,-857.5,-43.75,
1759266319331417,1128.75,-656.25,-140,
1759266319334170,603.75,-455,183.75,
1759266319337187,691.25,-490,481.25,
1759266319340267,603.75,-752.5,980,
1759266319343031,428.75,-717.5,1198.75,
1759266319345725,157.5,-175,691.25,
1759266319348388,332.5,-43.75,1155,
1759266319351157,437.5,428.75,1505,
1759266319354104,-297.5,297.5,1163.75,
1759266319357242,-210,358.75,595,
1759266319360076,-70,183.75,778.75,
1759266319362912,-87.5,-35,875,
1759266319365734,-35,122.5,927.5,
1759266319368768,560,280,428.75,
1759266319371907,385,446.25,157.5,
1759266319374864,796.25,507.5,26.25,
1759266319377473,1120,481.25,-26.25,
1759266319380048,1102.5,463.75,-630,
1759266319382832,1522.5,-280,-481.25,
1759266319385474,1478.75,-700,-665,
1759266319388104,1723.75,-752.5,-1015,
1759266319391307,1723.75,-1032.5,-988.75,
1759266319393878,1487.5,-971.25,-726.25,
1759266319396546,1575,-813.75,-796.25,
1759266319399477,1268.75,-787.5,-831.25,
1759266319402323,1190,-805,-568.75,
1759266319405216,595,-866.25,-717.5,
1759266319408088,1067.5,-1146.25,-472.5,
1759266319410880,1155,-1111.25,-52.5,
1759266319413780,1076.25,-1190,358.75,
1759266319416480,953.75,-1102.5,936.25,
1759266319419238,971.25,-1093.75,1470,
1759266319422233,638.75,-840,1863.75,
1759266319425054,1067.5,-1050,2056.25,
1759266319427791,1566.25,-1181.25,1758.75,
1759266319430712,1067.5,-1338.75,1706.25,
1759266319433471,1671.25,-1645,1601.25,
1759266319436160,1408.75,-1680,1863.75,
1759266319439045,1102.5,-1723.75,1881.25,
1759266319441979,1146.25,-1890,1890,
1759266319444702,1627.5,-2161.25,1933.75,
1759266319447803,1470,-2126.25,2126.25,
1759266319450577,1408.75,-1907.5,1916.25,
1759266319453454,1251.25,-2038.75,2082.5,
1759266319456474,1041.25,-1846.25,2030,
1759266319459528,402.5,-1303.75,1925,
1759266319462473,105,-1137.5,2257.5,
1759266319465105,43.75,-1102.5,2432.5,
1759266319467753,586.25,-761.25,2502.5,
1759266319470465,630,-1111.25,2275,
1759266319473633,647.5,-726.25,2345,
1759266319476610,568.75,-542.5,2003.75,
1759266319479354,551.25,-490,1715,
1759266319481948,227.5,-183.75,1295,
1759266319484522,315,-393.75,315,
1759266319487173,498.75,-306.25,-245,
1759266319490176,218.75,-210,-787.5,
1759266319493105,533.75,-122.5,-1128.75,
1759266319495786,1015,-192.5,-1085,
1759266319498441,1242.5,-367.5,-962.5,
1759266319501174,1251.25,-525,-1461.25,
1759266319504019,1163.75,-367.5,-1522.5,
1759266319507524,577.5,-516.25,-1820,
1759266319510461,341.25,-621.25,-2073.75,
1759266319513156,271.25,-288.75,-2310,
1759266319515844,481.25,105,-2318.75,
1759266319518520,218.75,525,-2362.5,
1759266319521267,385,988.75,-2336.25,
1759266319524375,297.5,1102.5,-1846.25,
1759266319527199,350,945,-1671.25,
1759266319529999,113.75,393.75,-1767.5,
1759266319532864,621.25,87.5,-1443.75,
1759266319535793,542.5,-341.25,-1295,
1759266319538851,577.5,245,-1093.75,
1759266319542158,971.25,271.25,-848.75,
1759266319544936,1207.5,306.25,-411.25,
1759266319547481,1181.25,341.25,148.75,
1759266319550107,971.25,-131.25,0,
1759266319552778,621.25,-630,-157.5,
1759266319555611,1163.75,-805,17.5,
1759266319558857,1627.5,-1610,-35,
1759266319561383,1461.25,-1662.5,0,
1759266319563947,1741.25,-1575,367.5,
1759266319566476,1347.5,-1426.25,962.5,
1759266319569047,1216.25,-1198.75,1181.25,
1759266319571771,1067.5,-1111.25,1925,
1759266319574336,516.25,-1268.75,2082.5,
1759266319576828,700,-813.75,2353.75,
1759266319579429,936.25,-1032.5,3018.75,
1759266319582099,586.25,-1277.5,3211.25,
1759266319584939,805,-1330,3106.25,
1759266319587701,831.25,-1120,3307.5,
1759266319590827,507.5,-1303.75,3193.75,
1759266319593497,752.5,-1750,3115,
1759266319596170,787.5,-1627.5,2887.5,
1759266319598991,1076.25,-1820,2651.25,
1759266319601942,1233.75,-1592.5,2318.75,
1759266319604909,1452.5,-1785,1750,
1759266319608415,1356.25,-1653.75,1645,
1759266319611121,1531.25,-2038.75,1487.5,
1759266319613790,1793.75,-2178.75,945,
1759266319616700,1461.25,-2283.75,980,
1759266319619370,1855,-2222.5,813.75,
1759266319622077,1811.25,-2047.5,901.25,
1759266319624964,1802.5,-2003.75,962.5,
1759266319627532,2021.25,-1426.25,883.75,
1759266319630253,1662.5,-1426.25,831.25,
1759266319632913,1688.75,-1076.25,481.25,
1759266319635484,1662.5,-1137.5,463.75,
1759266319638069,1767.5,-1356.25,-35,
1759266319640836,1347.5,-1172.5,-376.25,
1759266319643411,1356.25,-936.25,-175,
1759266319645999,778.75,-717.5,-87.5,
1759266319648581,708.75,-402.5,-306.25,
1759266319651080,857.5,-26.25,-428.75,
1759266319653619,901.25,-70,-140,
1759266319656235,542.5,140,-831.25,
1759266319658954,1032.5,175,-1155,
1759266319661582,761.25,35,-1207.5,
1759266319664107,420,-201.25,-1391.25,
1759266319666616,420,271.25,-1312.5,
1759266319669115,96.25,288.75,-1251.25,
1759266319671801,-463.75,437.5,-953.75,
1759266319674450,-437.5,656.25,-848.75,
1759266319677019,-306.25,577.5,-568.75,
1759266319679520,-78.75,568.75,-883.75,
1759266319682074,367.5,735,-726.25,
1759266319684644,183.75,717.5,-498.75,
1759266319687308,271.25,953.75,-586.25,
1759266319690156,0,796.25,-542.5,
1759266319692802,-35,796.25,87.5,
1759266319695352,-245,542.5,-78.75,
1759266319697897,-183.75,420,-26.25,
1759266319700489,-210,262.5,315,
1759266319702989,105,131.25,-61.25,
1759266319705778,122.5,61.25,-402.5,
1759266319708678,183.75,-218.75,-446.25,
1759266319711191,507.5,-446.25,-551.25,
1759266319713880,315,-542.5,-647.5,
1759266319716347,183.75,-682.5,-665,
1759266319718889,367.5,-848.75,-805,
1759266319721513,306.25,-752.5,-227.5,
1759266319724772,105,-1076.25,87.5,
1759266319727386,341.25,-866.25,113.75,
1759266319729942,175,-945,813.75,
1759266319732564,148.75,-1163.75,936.25,
1759266319735189,17.5,-1207.5,525,
1759266319737946,70,-945,542.5,
1759266319741487,-192.5,-770,691.25,
1759266319744212,140,-778.75,621.25,
1759266319746901,490,-848.75,822.5,
1759266319749635,420,-1023.75,796.25,
1759266319752492,752.5,-1155,236.25,
1759266319756200,673.75,-1015,673.75,
1759266319759483,717.5,-1505,1058.75,
1759266319762040,1163.75,-1356.25,997.5,
1759266319764681,1408.75,-1540,813.75,
1759266319767377,1312.5,-1863.75,796.25,
1759266319770212,1382.5,-1575,1120,
1759266319773099,953.75,-1566.25,1618.75,
1759266319775892,927.5,-1295,1470,
1759266319778723,1347.5,-1487.5,1732.5,
1759266319781432,857.5,-1741.25,1907.5,
1759266319784192,1295,-1741.25,1951.25,
1759266319787563,1548.75,-1216.25,1907.5,
1759266319790374,1592.5,-1155,1951.25,
1759266319792933,1513.75,-1032.5,1645,
1759266319795591,1312.5,-717.5,2030,
1759266319798172,743.75,-525,2012.5,
1759266319800933,621.25,-297.5,2108.75,
1759266319803546,376.25,-210,2108.75,
1759266319806368,350,-175,1592.5,
1759266319809084,420,-236.25,1750,
1759266319811753,1233.75,-437.5,2205,
1759266319814423,2100,-1058.75,857.5,
1759266319817133,1312.5,-848.75,577.5,
1759266319819898,1400,-157.5,551.25,
1759266319822699,936.25,35,700,
1759266319825587,980,-131.25,673.75,
1759266319828272,1321.25,-166.25,87.5,
1759266319830874,446.25,-402.5,-700,
1759266319833736,498.75,-17.5,-1058.75,
1759266319836394,656.25,-236.25,-1181.25,
1759266319839172,822.5,-148.75,-560,
1759266319842296,603.75,-61.25,-490,
1759266319845023,315,-148.75,-638.75,
1759266319847879,-70,122.5,-1583.75,
1759266319850539,-8.75,183.75,-1050,
1759266319853267,-455,411.25,-612.5,
1759266319855875,-927.5,708.75,-796.25,
1759266319858574,-551.25,586.25,-402.5,
1759266319861204,-980,673.75,-778.75,
1759266319863912,-927.5,402.5,-743.75,
1759266319866700,-805,-52.5,-1225,
1759266319869412,-350,148.75,-1356.25,
1759266319872268,-166.25,-656.25,-1741.25,
1759266319875044,-358.75,-472.5,-1951.25,
1759266319877767,-595,-525,-1645,
1759266319880536,-183.75,-682.5,-1225,
1759266319883287,-428.75,-542.5,-1303.75,
1759266319886034,148.75,-157.5,-1128.75,
1759266319888969,-78.75,-490,-1356.25,
1759266319891778,-43.75,-918.75,-822.5,
1759266319894695,96.25,-1233.75,-455,
1759266319897426,-70,-875,122.5,
1759266319900197,43.75,-822.5,-280,
1759266319902945,183.75,-883.75,-236.25,
1759266319905973,446.25,-603.75,262.5,
1759266319908776,175,-210,455,
1759266319911692,-157.5,-183.75,612.5,
1759266319914356,-595,-638.75,840,
1759266319917051,-735,-717.5,822.5,
1759266319919817,-323.75,-936.25,761.25,
1759266319922755,-122.5,-813.75,918.75,
1759266319925790,-481.25,-927.5,1312.5,
1759266319928692,-122.5,-1058.75,1583.75,
1759266319931349,280,-997.5,1382.5,
1759266319933995,568.75,-1251.25,1627.5,
1759266319936685,717.5,-761.25,1338.75,
1759266319939609,1198.75,-1041.25,1408.75,
1759266319942850,831.25,-1085,1225,
1759266319945562,971.25,-883.75,1426.25,
1759266319948394,796.25,-901.25,1671.25,
1759266319951248,1023.75,-603.75,1435,
1759266319954228,1015,-691.25,1373.75,
1759266319957337,1146.25,-761.25,1242.5,
1759266319960050,1085,-761.25,1277.5,
1759266319962852,1400,-770,1155,
1759266319965616,857.5,-638.75,1443.75,
1759266319968542,883.75,-533.75,1478.75,
1759266319971878,665,-78.75,1268.75,
1759266319974869,805,-78.75,1260,
1759266319977638,752.5,-498.75,918.75,
1759266319980387,1067.5,-271.25,892.5,
1759266319983240,936.25,-472.5,700,
1759266319986213,507.5,-647.5,551.25,
1759266319989208,621.25,-560,525,
1759266319992129,883.75,-516.25,35,
1759266319994843,1137.5,-455,-227.5,
1759266319997507,1478.75,-525,-218.75,
1759266320000260,945,-822.5,-323.75,
1759266320003173,1478.75,-245,-245,
1759266320006187,787.5,-507.5,-210,
1759266320008920,840,-813.75,-157.5,
1759266320011457,157.5,-455,-61.25,
1759266320014123,148.75,-673.75,148.75,
1759266320016844,463.75,-323.75,498.75,
1759266320019833,271.25,-490,472.5,
1759266320022666,332.5,-612.5,35,
1759266320025394,26.25,-665,-245,
1759266320027994,-516.25,-253.75,-288.75,
1759266320030670,-516.25,-148.75,-78.75,
1759266320033317,-341.25,-105,157.5,
1759266320036119,-735,-218.75,157.5,
1759266320039229,-988.75,-218.75,43.75,
1759266320042090,-525,-96.25,8.75,
1759266320044744,-840,-455,-8.75,
1759266320047443,-192.5,-551.25,402.5,
1759266320050314,-332.5,-376.25,367.5,
1759266320053116,-315,-621.25,122.5,
1759266320056124,35,-341.25,-17.5,
1759266320058972,201.25,-446.25,157.5,
1759266320061654,-96.25,-358.75,113.75,
1759266320064319,43.75,-708.75,306.25,
1759266320067156,306.25,-551.25,-411.25,
1759266320069859,-175,-875,-113.75,
1759266320072739,-227.5,-770,-17.5,
1759266320075858,218.75,-533.75,-236.25,
1759266320078553,-358.75,-560,-105,
1759266320081308,-148.75,-533.75,-131.25,
1759266320084056,-35,-393.75,-481.25,
1759266320086821,-70,-481.25,-437.5,
1759266320090216,131.25,-498.75,-210,
1759266320093111,-87.5,-621.25,262.5,
1759266320096073,-157.5,-490,-271.25,
1759266320098898,297.5,-560,113.75,
1759266320101730,595,-542.5,105,
1759266320104675,787.5,-595,-236.25,
1759266320107800,1198.75,-1076.25,-70,
1759266320110641,1540,-743.75,-437.5,
1759266320113481,1785,-787.5,-297.5,
1759266320116233,1478.75,-761.25,-87.5,
1759266320119021,1137.5,-315,-70,
1759266320122143,1032.5,-385,78.75,
1759266320125023,1225,-840,35,
1759266320127806,1400,-603.75,516.25,
1759266320130471,1496.25,-892.5,516.25,
1759266320133202,1137.5,-708.75,805,
1759266320135889,1216.25,-551.25,1093.75,
1759266320138793,1303.75,-481.25,1260,
1759266320141918,866.25,-288.75,1408.75,
1759266320144534,595,-393.75,1426.25,
1759266320147201,568.75,-350,1408.75,
1759266320149885,568.75,-603.75,1741.25,
1759266320152718,656.25,-883.75,1461.25,
1759266320155849,822.5,-516.25,1662.5,
1759266320158800,778.75,-901.25,1356.25,
1759266320161471,901.25,-638.75,1391.25,
1759266320164064,1093.75,-743.75,1391.25,
1759266320166628,1146.25,-647.5,1531.25,
1759266320169362,1225,-770,1312.5,
1759266320172247,1461.25,-761.25,1163.75,
1759266320175806,1303.75,-743.75,1032.5,
1759266320178410,1111.25,-1093.75,1190,
1759266320180914,1207.5,-1190,910,
1759266320183481,796.25,-1015,1190,
1759266320185996,420,-1041.25,568.75,
1759266320189016,446.25,-848.75,883.75,
1759266320192118,288.75,-1102.5,437.5,
1759266320194656,455,-857.5,253.75,
1759266320197213,437.5,-481.25,376.25,
1759266320199783,306.25,-568.75,35,
1759266320202454,113.75,-778.75,157.5,
1759266320205559,262.5,-385,131.25,
1759266320208325,332.5,-393.75,323.75,
1759266320210990,-122.5,-630,43.75,
1759266320213613,-26.25,-612.5,-96.25,
1759266320216181,245,-875,-350,
1759266320219011,227.5,-586.25,-341.25,
1759266320221832,586.25,-717.5,-280,
1759266320224488,507.5,-533.75,-140,
1759266320227100,358.75,-691.25,-673.75,
1759266320229709,717.5,-647.5,-630,
1759266320232448,682.5,-901.25,-857.5,
1759266320235432,638.75,-892.5,-647.5,
1759266320238273,463.75,-866.25,-892.5,
1759266320241189,892.5,-953.75,-385,
1759266320243756,253.75,-988.75,-376.25,
1759266320246223,227.5,-735,-297.5,
1759266320248771,210,-376.25,-385,
1759266320251621,358.75,-288.75,-96.25,
1759266320254359,262.5,122.5,-131.25,
1759266320257151,367.5,-437.5,297.5,
1759266320259766,472.5,-568.75,376.25,
1759266320262444,612.5,-280,481.25,
1759266320265088,358.75,-131.25,638.75,
1759266320267765,708.75,-113.75,498.75,
1759266320270641,945,-70,656.25,
1759266320273416,822.5,-140,385,
1759266320275974,980,-358.75,428.75,
1759266320278566,1067.5,-428.75,315,
1759266320281101,840,-385,227.5,
1759266320283682,1338.75,-516.25,262.5,
1759266320286214,1505,-551.25,122.5,
1759266320288886,1706.25,-682.5,568.75,
1759266320291594,1986.25,-1041.25,778.75,
1759266320294161,1312.5,-1058.75,875,
1759266320296639,1601.25,-892.5,813.75,
1759266320299160,1321.25,-691.25,1032.5,
1759266320301592,1006.25,-717.5,857.5,
1759266320304159,1023.75,-630,1023.75,
1759266320306897,901.25,-665,857.5,
1759266320309426,1172.5,-848.75,971.25,
1759266320312080,1286.25,-866.25,892.5,
1759266320314706,1041.25,-866.25,1050,
1759266320317251,1531.25,-778.75,1067.5,
1759266320319798,1242.5,-988.75,1023.75,
1759266320322495,1163.75,-1050,883.75,
1759266320325048,831.25,-787.5,708.75,
1759266320327590,866.25,-883.75,1093.75,
1759266320330155,831.25,-761.25,787.5,
1759266320332803,1216.25,-1303.75,743.75,
1759266320335470,1050,-1137.5,953.75,
1759266320338191,1085,-1268.75,551.25,
1759266320341209,1303.75,-1172.5,612.5,
1759266320344331,1645,-1522.5,253.75,
1759266320347044,1496.25,-1505,315,
1759266320349794,1198.75,-1627.5,323.75,
1759266320352450,866.25,-1408.75,236.25,
1759266320355343,1041.25,-1478.75,8.75,
1759266320358118,910,-1076.25,175,
1759266320360921,752.5,-1102.5,271.25,
1759266320363751,787.5,-717.5,315,
1759266320366596,770,-787.5,367.5,
1759266320369489,700,-980,778.75,
1759266320372524,525,-656.25,927.5,
1759266320375492,341.25,-638.75,901.25,
1759266320378233,603.75,-682.5,796.25,
1759266320380913,481.25,-498.75,647.5,
1759266320383642,131.25,-577.5,402.5,
1759266320386513,87.5,-647.5,297.5,
1759266320389535,542.5,-708.75,350,
1759266320392892,315,-280,306.25,
1759266320395752,385,-420,17.5,
1759266320398665,577.5,-770,-70,
1759266320401640,1102.5,-647.5,122.5,
1759266320404664,1015,-717.5,35,
1759266320408239,1058.75,-621.25,17.5,
1759266320411068,656.25,-463.75,131.25,
1759266320413606,1076.25,-568.75,350,
1759266320416278,840,-411.25,131.25,
1759266320419056,822.5,-271.25,122.5,
1759266320422056,638.75,-323.75,420,
1759266320425052,945,-210,516.25,
1759266320427776,603.75,-271.25,455,
1759266320430446,201.25,-201.25,271.25,
1759266320433280,516.25,-323.75,0,
1759266320436082,428.75,8.75,183.75,
1759266320438911,490,-157.5,-201.25,
1759266320441902,630,0,8.75,
1759266320444732,822.5,-332.5,-227.5,
1759266320447567,726.25,-297.5,-96.25,
1759266320450398,700,-682.5,43.75,
1759266320453130,1076.25,-927.5,148.75,
1759266320455943,1216.25,-463.75,-113.75,
1759266320458895,1041.25,-717.5,-78.75,
1759266320461604,1408.75,-691.25,-35,
1759266320464395,1303.75,-813.75,-61.25,
1759266320467224,1496.25,-953.75,218.75,
1759266320469990,1636.25,-1216.25,-61.25,
1759266320473008,1382.5,-1111.25,0,
1759266320476003,1548.75,-1023.75,140,
1759266320478593,1356.25,-787.5,577.5,
1759266320481209,1085,-1006.25,507.5,
1759266320484125,953.75,-603.75,822.5,
1759266320486803,910,-691.25,708.75,
1759266320489460,918.75,-577.5,1233.75,
1759266320492117,840,-857.5,971.25,
1759266320494657,822.5,-1067.5,1251.25,
1759266320497308,857.5,-1155,1233.75,
1759266320500046,988.75,-1155,1093.75,
1759266320502583,875,-1015,1111.25,
1759266320505123,831.25,-1137.5,1435,
1759266320507705,708.75,-1435,1058.75,
1759266320510280,883.75,-1093.75,1382.5,
1759266320512888,717.5,-1216.25,1050,
1759266320515546,717.5,-1111.25,1181.25,
1759266320518137,918.75,-1120,665,
1759266320520931,1015,-1295,700,
1759266320523729,1347.5,-936.25,805,
1759266320526446,1338.75,-1058.75,901.25,
1759266320529278,1216.25,-1058.75,883.75,
1759266320531967,805,-577.5,962.5,
1759266320534612,735,-1032.5,1085,
1759266320537230,560,-857.5,997.5,
1759266320540071,498.75,-735,927.5,
1759266320543044,568.75,-691.25,805,
1759266320545814,630,-507.5,586.25,
1759266320548370,813.75,-498.75,183.75,
1759266320550909,726.25,-463.75,96.25,
1759266320553439,980,-297.5,253.75,
1759266320556130,805,-437.5,43.75,
1759266320558883,551.25,-525,227.5,
1759266320561437,315,-647.5,-122.5,
1759266320564035,96.25,-323.75,-87.5,
1759266320566715,236.25,-315,-148.75,
1759266320569413,306.25,-420,-166.25,
1759266320572255,463.75,-420,-577.5,
1759266320575597,945,-385,-883.75,
1759266320578238,735,-402.5,-682.5,
1759266320580738,813.75,-105,-341.25,
1759266320583267,1478.75,-455,-411.25,
1759266320585863,796.25,-437.5,-341.25,
1759266320588514,743.75,-393.75,-516.25,
1759266320591348,367.5,-332.5,-551.25,
1759266320594011,393.75,96.25,-726.25,
1759266320596680,472.5,-78.75,-253.75,
1759266320599287,166.25,-52.5,-262.5,
1759266320602093,656.25,61.25,-428.75,
1759266320604905,411.25,-560,-166.25,
1759266320607954,840,-612.5,210,
1759266320610632,490,-682.5,192.5,
1759266320613405,647.5,-533.75,87.5,
1759266320616116,385,-560,586.25,
1759266320618789,122.5,-761.25,560,
1759266320622029,70,-245,840,
1759266320625341,551.25,-647.5,770,
1759266320627981,630,-463.75,481.25,
1759266320630616,953.75,-533.75,577.5,
1759266320633279,700,-638.75,586.25,
1759266320636112,1181.25,-700,630,
1759266320638916,1163.75,-1041.25,726.25,
1759266320642017,1233.75,-1268.75,1006.25,
1759266320644669,1006.25,-1198.75,875,
1759266320647329,752.5,-866.25,875,
1759266320650023,778.75,-778.75,1260,
1759266320652725,717.5,-840,1251.25,
1759266320655565,866.25,-848.75,1128.75,
1759266320658723,787.5,-1023.75,1312.5,
1759266320661420,586.25,-1067.5,1076.25,
1759266320664251,883.75,-988.75,840,
1759266320667188,953.75,-1163.75,1286.25,
1759266320669932,437.5,-1277.5,945,
1759266320672905,910,-840,980,
1759266320675682,533.75,-883.75,665,
1759266320678390,612.5,-805,700,
1759266320681166,682.5,-997.5,700,
1759266320684165,848.75,-700,603.75,
1759266320686934,717.5,-910,717.5,
1759266320689948,936.25,-883.75,516.25,
1759266320692759,971.25,-875,288.75,
1759266320695516,1006.25,-936.25,498.75,
1759266320698341,1050,-1023.75,481.25,
1759266320701161,805,-1120,656.25,
1759266320703990,1067.5,-848.75,385,
1759266320706818,988.75,-936.25,166.25,
1759266320709675,743.75,-367.5,-105,
1759266320712370,953.75,-490,17.5,
1759266320714996,638.75,-638.75,-61.25,
1759266320717538,726.25,-385,140,
1759266320720162,551.25,-358.75,306.25,
1759266320722921,525,-350,113.75,
1759266320725707,533.75,-236.25,87.5,
1759266320728373,105,-227.5,166.25,
1759266320730868,437.5,-105,148.75,
1759266320733439,560,-245,253.75,
1759266320735978,691.25,-78.75,192.5,
1759266320738713,315,96.25,-227.5,
1759266320741564,708.75,297.5,-157.5,
1759266320744481,525,-210,341.25,
1759266320747058,630,-481.25,490,
1759266320749745,682.5,-507.5,52.5,
1759266320752554,481.25,-551.25,-227.5,
1759266320755083,358.75,-393.75,-253.75,
1759266320758056,271.25,-166.25,-26.25,
1759266320761053,411.25,-332.5,43.75,
1759266320763651,586.25,-402.5,-376.25,
1759266320766246,43.75,-26.25,-682.5,
1759266320768862,-166.25,-323.75,-577.5,
1759266320771558,-210,-87.5,253.75,
1759266320774700,70,-446.25,367.5,
1759266320777388,-428.75,-472.5,157.5,
1759266320780140,105,-463.75,96.25,
1759266320782869,-402.5,0,-17.5,
1759266320785695,-122.5,-17.5,297.5,
1759266320788569,-463.75,-341.25,498.75,
1759266320791738,-105,-560,-332.5,
1759266320794441,157.5,-463.75,-542.5,
1759266320797151,-656.25,-551.25,-315,
1759266320799860,26.25,-787.5,-70,
1759266320802736,78.75,-848.75,166.25,
1759266320805948,105,-1023.75,-140,
1759266320808966,350,-1233.75,-113.75,
1759266320811561,-87.5,-1050,210,
1759266320814183,-78.75,-962.5,332.5,
1759266320816746,157.5,-1041.25,586.25,
1759266320819349,210,-866.25,437.5,
1759266320822011,17.5,-840,227.5,
1759266320824935,262.5,-910,122.5,
1759266320827468,227.5,-761.25,647.5,
1759266320830037,-96.25,-875,927.5,
1759266320832658,218.75,-1006.25,875,
1759266320835159,-96.25,-1015,901.25,
1759266320837900,236.25,-945,1146.25,
1759266320840708,498.75,-866.25,1023.75,
1759266320843345,393.75,-726.25,1251.25,
1759266320845956,148.75,-201.25,1303.75,
1759266320848640,253.75,-507.5,1295,
1759266320851485,446.25,-481.25,1286.25,
1759266320854181,472.5,-1172.5,1286.25,
1759266320857128,796.25,-971.25,1610,
1759266320859972,708.75,-901.25,1592.5,
1759266320862682,831.25,-831.25,1382.5,
1759266320865399,1128.75,-840,1496.25,
1759266320868178,848.75,-665,1426.25,
1759266320871033,875,-542.5,1260,
1759266320874177,778.75,-262.5,1225,
1759266320877029,656.25,-280,1338.75,
1759266320879842,708.75,-332.5,1023.75,
1759266320882745,542.5,-358.75,1015,
1759266320885592,542.5,-726.25,962.5,
1759266320888495,437.5,-568.75,1128.75,
1759266320891470,481.25,-463.75,1163.75,
1759266320894272,560,-630,988.75,
1759266320897026,673.75,-271.25,796.25,
1759266320899896,892.5,-148.75,367.5,
1759266320902820,752.5,-61.25,288.75,
1759266320905677,603.75,-358.75,157.5,
1759266320908493,551.25,-245,297.5,
1759266320911162,245,-43.75,-52.5,
1759266320913993,262.5,-708.75,-306.25,
1759266320916690,586.25,-778.75,-420,
1759266320919455,288.75,-787.5,-201.25,
1759266320922342,953.75,-691.25,-297.5,
1759266320925106,245,-280,-507.5,
1759266320927770,210,-682.5,-822.5,
1759266320930521,516.25,-621.25,-892.5,
1759266320933283,245,-411.25,-805,
1759266320936041,-105,-52.5,-385,
1759266320938750,-218.75,-708.75,-437.5,
1759266320941659,-332.5,-568.75,-367.5,
1759266320944497,-148.75,-953.75,-621.25,
1759266320947321,52.5,-1015,-665,
1759266320950012,-551.25,-682.5,-455,
1759266320952784,-420,-577.5,-227.5,
1759266320955663,8.75,-437.5,-455,
1759266320958493,-201.25,-271.25,-411.25,
1759266320961444,-52.5,-175,-306.25,
1759266320964175,-437.5,-560,-8.75,
1759266320967009,-315,-498.75,-105,
1759266320969785,87.5,-1032.5,245,
1759266320972531,-446.25,-1067.5,-113.75,
1759266320975781,0,-988.75,236.25,
1759266320978508,-113.75,-997.5,280,
1759266320981273,43.75,-743.75,411.25,
1759266320984030,218.75,-647.5,227.5,
1759266320986773,332.5,-341.25,236.25,
1759266320989693,306.25,-525,166.25,
1759266320992798,236.25,-140,481.25,
1759266320995505,288.75,-595,778.75,
1759266320998269,420,-568.75,743.75,
1759266321000966,157.5,-665,787.5,
1759266321003779,1015,-918.75,787.5,
1759266321007270,857.5,-1076.25,577.5,
1759266321010165,656.25,-271.25,481.25,
1759266321013101,122.5,-26.25,796.25,
1759266321015815,341.25,498.75,813.75,
1759266321018614,490,-157.5,533.75,
1759266321021482,516.25,157.5,341.25,
1759266321024585,770,-612.5,455,
1759266321027428,805,-568.75,726.25,
1759266321030192,1023.75,-717.5,612.5,
1759266321032994,1216.25,-945,516.25,
1759266321035706,1120,-621.25,603.75,
1759266321039122,927.5,-437.5,472.5,
1759266321042134,857.5,-455,455,
1759266321044741,936.25,-288.75,910,
1759266321047423,656.25,-455,656.25,
1759266321050093,1111.25,-490,621.25,
1759266321053088,1225,-857.5,612.5,
1759266321056017,1408.75,-840,813.75,
1759266321059232,787.5,-1032.5,411.25,
1759266321061919,1330,-866.25,262.5,
1759266321064544,1347.5,-1032.5,647.5,
1759266321067296,918.75,-708.75,1102.5,
1759266321070130,918.75,-647.5,621.25,
1759266321073079,840,-840,507.5,
1759266321075913,787.5,-840,472.5,
1759266321078526,971.25,-770,752.5,
1759266321081173,673.75,-1120,988.75,
1759266321083981,630,-1198.75,1417.5,
1759266321086748,385,-1303.75,1233.75,
1759266321090073,140,-1207.5,1233.75,
1759266321092869,490,-1190,577.5,
1759266321095579,568.75,-901.25,761.25,
1759266321098291,367.5,-1041.25,927.5,
1759266321101340,525,-630,700,
1759266321104080,385,-638.75,848.75,
1759266321106937,105,-883.75,735,
1759266321109812,568.75,-1172.5,673.75,
1759266321112391,533.75,-1137.5,638.75,
1759266321115413,428.75,-1426.25,752.5,
1759266321118140,52.5,-910,796.25,
1759266321120769,210,-516.25,735,
1759266321123613,-175,-638.75,393.75,
1759266321126526,288.75,-236.25,131.25,
1759266321129134,253.75,-218.75,-157.5,
1759266321131733,218.75,-420,-87.5,
1759266321134270,166.25,-595,-227.5,
1759266321136772,271.25,-630,-43.75,
1759266321139411,-8.75,-691.25,-140,
1759266321142389,498.75,-752.5,-52.5,
1759266321145053,166.25,-665,-192.5,
1759266321147558,-8.75,-428.75,-332.5,
1759266321150105,52.5,-323.75,-673.75,
1759266321152690,43.75,-227.5,-682.5,
1759266321155362,498.75,87.5,-1146.25,
1759266321158108,752.5,-87.5,-883.75,
1759266321160715,770,-166.25,-726.25,
1759266321163381,673.75,-210,-507.5,
1759266321165986,577.5,-175,-411.25,
1759266321168733,831.25,-253.75,-796.25,
1759266321171444,551.25,-551.25,-586.25,
1759266321174479,778.75,-393.75,-927.5,
1759266321177505,1041.25,-385,-770,
1759266321180123,988.75,-148.75,-630,
1759266321182667,1155,-78.75,-612.5,
1759266321185264,971.25,-52.5,-630,
1759266321187895,1268.75,-218.75,-586.25,
1759266321190857,1260,-61.25,-105,
1759266321206221,840,-822.5,743.75,
1759266321210256,980,-525,778.75,
1759266321213949,1137.5,-481.25,918.75,
1759266321216571,1023.75,-673.75,1198.75,
1759266321219088,1006.25,-831.25,1321.25,
1759266321221587,918.75,-866.25,1260,
1759266321224739,1190,-1058.75,1636.25,
1759266321227249,866.25,-1190,1347.5,
1759266321229748,971.25,-1260,1601.25,
1759266321232249,936.25,-1303.75,1697.5,
1759266321234748,1023.75,-936.25,1750,
1759266321237250,761.25,-1190,1426.25,
1759266321240790,1023.75,-892.5,1426.25,
1759266321243408,1242.5,-1137.5,1356.25,
1759266321245940,1338.75,-1163.75,1706.25,
1759266321248434,1163.75,-1067.5,1435,
1759266321250937,1006.25,-1181.25,1487.5,
1759266321253447,778.75,-1487.5,1470,
1759266321256184,875,-1557.5,1583.75,
1759266321258936,848.75,-1382.5,1260,
1759266321261579,1076.25,-1505,1190,
1759266321264205,752.5,-1041.25,1225,
1759266321266858,962.5,-1067.5,1050,
1759266321269466,761.25,-997.5,822.5,
1759266321272710,1067.5,-1102.5,831.25,
1759266321275985,857.5,-1155,612.5,
1759266321278575,778.75,-1338.75,673.75,
1759266321281074,787.5,-1050,411.25,
1759266321283574,857.5,-875,201.25,
1759266321286199,595,-1015,420,
1759266321288875,630,-822.5,236.25,
1759266321291742,1242.5,-787.5,-166.25,
1759266321294323,656.25,-411.25,-105,
1759266321296955,656.25,-708.75,-52.5,
1759266321299741,778.75,-411.25,-358.75,
1759266321302602,603.75,-367.5,-218.75,
1759266321305407,735,-525,-385,
1759266321308394,813.75,-621.25,-227.5,
1759266321311135,1102.5,-376.25,-87.5,
1759266321313691,630,-385,-183.75,
1759266321316492,1006.25,-227.5,-218.75,
1759266321327233,630,175,-385,
1759266321329814,892.5,-43.75,52.5,
1759266321332594,227.5,-175,-96.25,
1759266321335356,446.25,-35,43.75,
1759266321338011,463.75,-105,52.5,
1759266321341027,892.5,-411.25,-78.75,
1759266321344185,551.25,-70,8.75,
1759266321346764,647.5,-463.75,-148.75,
1759266321349503,700,-148.75,-70,
1759266321352058,875,166.25,183.75,
1759266321354668,717.5,-26.25,-131.25,
1759266321357354,656.25,-385,8.75,
1759266321360386,621.25,-148.75,201.25,
1759266321362938,603.75,-603.75,358.75,
1759266321365457,638.75,-603.75,-8.75,
1759266321368053,813.75,-743.75,131.25,
1759266321370664,813.75,-770,332.5,
1759266321373602,595,-603.75,367.5,
1759266321376177,708.75,-420,446.25,
1759266321378907,761.25,-612.5,140,
1759266321381468,402.5,-315,463.75,
1759266321384005,516.25,-490,455,
1759266321386550,638.75,-857.5,586.25,
1759266321389258,516.25,-840,507.5,
1759266321392337,673.75,-1155,358.75,
1759266321395003,673.75,-1207.5,577.5,
1759266321397550,770,-1487.5,822.5,
1759266321400214,953.75,-1347.5,743.75,
1759266321402840,542.5,-1093.75,796.25,
1759266321405609,796.25,-1216.25,761.25,
1759266321408437,953.75,-1277.5,463.75,
1759266321411285,866.25,-1015,621.25,
1759266321414000,840,-1303.75,778.75,
1759266321416654,761.25,-910,1093.75,
1759266321419344,936.25,-1172.5,1076.25,
1759266321422026,945,-1093.75,1006.25,
1759266321424977,1242.5,-1408.75,1111.25,
1759266321427897,1120,-1303.75,1242.5,
1759266321430495,761.25,-1295,1181.25,
1759266321433205,752.5,-988.75,1155,
1759266321435897,1058.75,-1006.25,1146.25,
1759266321438733,1032.5,-551.25,1391.25,
1759266321441755,1146.25,-778.75,1233.75,
1759266321444453,603.75,-1006.25,1093.75,
1759266321447089,761.25,-901.25,1058.75,
1759266321449752,1225,-1120,1338.75,
1759266321452538,953.75,-1058.75,1155,
1759266321455359,770,-1041.25,1032.5,
1759266321458393,1295,-892.5,1260,
1759266321461145,1233.75,-350,883.75,
1759266321463784,1058.75,-533.75,1015,
1759266321466564,691.25,-472.5,857.5,
1759266321469372,901.25,-253.75,848.75,
1759266321472274,945,-358.75,682.5,
1759266321475226,1102.5,-673.75,866.25,
1759266321477990,1575,-586.25,516.25,
1759266321480685,988.75,-822.5,498.75,
1759266321483494,1338.75,-516.25,411.25,
1759266321486471,883.75,-385,183.75,
1759266321489619,962.5,-210,157.5,
1759266321492487,840,-113.75,26.25,
1759266321495193,910,-131.25,236.25,
1759266321497883,787.5,-96.25,-17.5,
1759266321500571,665,-113.75,-87.5,
1759266321503654,875,-253.75,-157.5,
1759266321506633,743.75,-297.5,-131.25,
1759266321509485,1076.25,-350,-428.75,
1759266321512273,420,-612.5,-341.25,
1759266321514970,568.75,-420,-621.25,
1759266321518053,437.5,-437.5,-507.5,
1759266321520877,708.75,-96.25,-542.5,
1759266321523686,778.75,-350,-577.5,
1759266321526524,936.25,-455,-463.75,
1759266321529140,568.75,-568.75,-122.5,
1759266321531766,1023.75,-857.5,-402.5,
1759266321534515,796.25,-682.5,-306.25,
1759266321537083,428.75,-726.25,8.75,
1759266321539845,787.5,-586.25,-245,
1759266321542679,647.5,-743.75,-210,
1759266321545174,577.5,-1128.75,-175,
1759266321547873,420,-822.5,-271.25,
1759266321550462,568.75,-831.25,8.75,
1759266321553010,717.5,-708.75,43.75,
1759266321555596,708.75,-918.75,245,
1759266321558491,516.25,-1268.75,367.5,
1759266321561228,726.25,-1391.25,236.25,
1759266321563796,638.75,-1207.5,271.25,
1759266321566333,577.5,-1093.75,638.75,
1759266321568961,560,-1207.5,770,
1759266321571510,761.25,-1198.75,385,
1759266321574310,918.75,-945,647.5,
1759266321576964,936.25,-1181.25,673.75,
1759266321579759,1067.5,-691.25,866.25,
1759266321582421,1181.25,-1190,866.25,
1759266321585134,1365,-883.75,787.5,
1759266321587889,1120,-1085,927.5,
1759266321590863,726.25,-901.25,1067.5,
1759266321593532,831.25,-1050,1321.25,
1759266321596480,883.75,-997.5,883.75,
1759266321599366,831.25,-1120,857.5,
1759266321602248,1085,-962.5,831.25,
1759266321604748,1321.25,-743.75,1023.75,
1759266321607504,1006.25,-761.25,831.25,
1759266321610121,1093.75,-927.5,927.5,
1759266321612560,1303.75,-490,945,
1759266321615121,1155,-586.25,813.75,
1759266321617663,945,-892.5,857.5,
1759266321620275,638.75,-813.75,691.25,
1759266321623222,1102.5,-840,953.75,
1759266321626577,1715,-1076.25,542.5,
1759266321629180,1750,-971.25,236.25,
1759266321631742,1592.5,-358.75,105,
1759266321634286,1706.25,61.25,551.25,
1759266321636849,1583.75,-568.75,700,
1759266321639652,1916.25,-1531.25,131.25,
1759266321642515,1776.25,-1085,-446.25,
1759266321645155,1802.5,-866.25,-568.75,
1759266321647785,1058.75,-78.75,-175,
1759266321650455,1242.5,-105,262.5,
1759266321653287,1207.5,-376.25,332.5,
1759266321656292,1417.5,-140,26.25,
1759266321659193,1006.25,-463.75,-157.5,
1759266321661951,1120,-586.25,-358.75,
1759266321664683,1207.5,-385,420,
1759266321667532,638.75,-350,638.75,
1759266321670317,323.75,-52.5,262.5,
1759266321673625,227.5,0,288.75,
1759266321676491,227.5,43.75,446.25,
1759266321679277,26.25,148.75,358.75,
1759266321682109,262.5,-236.25,-350,
1759266321684841,140,-1023.75,-157.5,
1759266321687704,603.75,-866.25,52.5,
1759266321690931,411.25,-656.25,323.75,
1759266321693863,262.5,-411.25,-131.25,
1759266321696650,148.75,-43.75,-122.5,
1759266321699444,-315,-603.75,105,
1759266321702484,-192.5,-1155,-78.75,
1759266321705272,-218.75,-805,280,
1759266321708245,-490,-822.5,533.75,
1759266321711101,-393.75,-507.5,315,
1759266321713832,-113.75,-358.75,245,
1759266321716474,-350,-472.5,-183.75,
1759266321719435,-411.25,-437.5,201.25,
1759266321722170,-428.75,-761.25,455,
1759266321724979,-875,-1137.5,157.5,
1759266321727687,-560,-787.5,-17.5,
1759266321730347,-743.75,-507.5,122.5,
1759266321733181,-656.25,-367.5,-148.75,
1759266321735995,-735,-288.75,262.5,
1759266321738693,-927.5,-708.75,402.5,
1759266321741878,-402.5,-1015,376.25,
1759266321744591,-376.25,-1058.75,218.75,
1759266321747128,-166.25,-918.75,271.25,
1759266321749742,-253.75,-892.5,262.5,
1759266321752363,428.75,-1015,411.25,
1759266321754871,743.75,-1015,227.5,
1759266321757538,743.75,-761.25,122.5,
1759266321760126,411.25,-525,463.75,
1759266321762624,481.25,-708.75,210,
1759266321765245,700,-822.5,262.5,
1759266321767995,708.75,-910,26.25,
1759266321770586,1120,-1032.5,236.25,
1759266321773420,1006.25,-385,437.5,
1759266321776116,997.5,-455,1006.25,
1759266321778841,875,-647.5,638.75,
1759266321781456,647.5,-227.5,875,
1759266321784087,813.75,-481.25,1400,
1759266321786940,1356.25,-708.75,1347.5,
1759266321789527,1155,-332.5,1400,
1759266321792176,918.75,-280,1452.5,
1759266321794761,997.5,-175,1006.25,
1759266321797410,1251.25,-586.25,1330,
1759266321799951,1023.75,-26.25,1583.75,
1759266321802489,1120,-463.75,1268.75,
1759266321805075,857.5,-402.5,1312.5,
1759266321808162,1487.5,-770,813.75,
1759266321810700,1260,-1041.25,358.75,
1759266321813274,1680,-630,603.75,
1759266321815804,1295,-568.75,778.75,
1759266321818300,971.25,-253.75,988.75,
1759266321820803,533.75,-446.25,805,
1759266321823738,498.75,-350,787.5,
1759266321826445,446.25,-568.75,490,
1759266321828944,148.75,-472.5,901.25,
1759266321831444,262.5,-586.25,1085,
1759266321834015,61.25,-953.75,735,
1759266321836525,376.25,-822.5,332.5,
1759266321839173,166.25,-612.5,105,
1759266321841997,61.25,-595,113.75,
1759266321844551,-157.5,-708.75,8.75,
1759266321847223,166.25,-638.75,-280,
1759266321849916,-61.25,-472.5,-577.5,
1759266321852642,-113.75,-586.25,-857.5,
1759266321855452,52.5,-962.5,-1006.25,
1759266321858967,-586.25,-822.5,-341.25,
1759266321861736,-288.75,-595,-367.5,
1759266321864484,-306.25,-778.75,-691.25,
1759266321867248,-315,-936.25,-1050,
1759266321870010,-26.25,-1102.5,-708.75,
1759266321873210,-131.25,-918.75,-892.5,
1759266321876106,-411.25,-647.5,-717.5,
1759266321878793,-708.75,-621.25,-717.5,
1759266321881479,-446.25,-525,-1058.75,
1759266321884216,-638.75,-647.5,-988.75,
1759266321886966,-1172.5,-516.25,-691.25,
1759266321890214,-1338.75,-551.25,-516.25,
1759266321893060,-1128.75,-656.25,-586.25,
1759266321895816,-708.75,-481.25,-183.75,
1759266321898649,-700,-297.5,-157.5,
1759266321901488,-560,-157.5,17.5,
1759266321904308,-183.75,-236.25,271.25,
1759266321907197,61.25,-288.75,78.75,
1759266321910055,-411.25,-341.25,175,
1759266321912876,323.75,-840,350,
1759266321915644,498.75,-490,341.25,
1759266321918791,726.25,-306.25,323.75,
1759266321921871,1163.75,-542.5,665,
1759266321924610,358.75,-463.75,-70,
1759266321927242,682.5,-236.25,463.75,
1759266321929877,358.75,253.75,0,
1759266321932586,525,-17.5,385,
1759266321935367,385,-253.75,385,
1759266321938052,761.25,-463.75,87.5,
1759266321940903,831.25,-341.25,927.5,
1759266321943667,437.5,-498.75,822.5,
1759266321946207,743.75,-262.5,1435,
1759266321949030,420,-148.75,1242.5,
1759266321951671,551.25,96.25,1977.5,
1759266321954390,218.75,-218.75,1767.5,
1759266321957246,743.75,297.5,1417.5,
1759266321960040,630,-288.75,700,
1759266321962573,971.25,-140,1400,
1759266321965148,1032.5,-236.25,752.5,
1759266321967703,1137.5,-437.5,813.75,
1759266321970245,1688.75,-787.5,761.25,
1759266321972926,1207.5,-787.5,717.5,
1759266321975689,1688.75,-1382.5,621.25,
1759266321978240,1461.25,-1190,621.25,
1759266321980935,1426.25,-1128.75,1067.5,
1759266321983410,1435,-1417.5,673.75,
1759266321986034,1522.5,-726.25,770,
1759266321988574,1461.25,-1041.25,525,
1759266321991454,1645,-945,463.75,
1759266321994283,901.25,-1198.75,901.25,
1759266321996812,796.25,-1435,1321.25,
1759266321999435,848.75,-1233.75,428.75,
1759266322001974,446.25,-1155,1128.75,
1759266322004447,472.5,-1067.5,1312.5,
1759266322007157,122.5,-1155,612.5,
1759266322009863,113.75,-673.75,717.5,
1759266322012527,-525,-822.5,638.75,
1759266322015091,-288.75,-717.5,787.5,
1759266322017650,-323.75,-796.25,577.5,
1759266322020135,-201.25,-778.75,306.25,
1759266322022655,-245,-1303.75,78.75,
1759266322025527,-927.5,-778.75,542.5,
1759266322028148,-385,-743.75,472.5,
1759266322030687,-472.5,-848.75,665,
1759266322033222,52.5,-1120,595,
1759266322035686,131.25,-1111.25,122.5,
1759266322038151,-35,-910,-245,
1759266322040987,175,-778.75,-113.75,
1759266322043644,-26.25,-1050,-148.75,
1759266322046147,393.75,-866.25,-236.25,
1759266322048750,96.25,-700,-341.25,
1759266322051379,43.75,-542.5,-568.75,
1759266322053995,-131.25,-682.5,-752.5,
1759266322056756,-350,-315,131.25,
1759266322059392,-542.5,-236.25,-78.75,
1759266322062057,-78.75,-262.5,-332.5,
1759266322064666,-105,-8.75,-218.75,
1759266322067349,-533.75,8.75,-595,
1759266322070060,-280,376.25,-288.75,
1759266322072965,-245,105,-358.75,
1759266322075746,0,315,-393.75,
1759266322078308,-61.25,96.25,-332.5,
1759266322080874,367.5,183.75,-236.25,
1759266322083497,-78.75,-166.25,-673.75,
1759266322086140,498.75,17.5,-560,
1759266322088913,630,-61.25,-682.5,
1759266322091742,1015,-463.75,-980,
1759266322094311,988.75,-210,-1356.25,
1759266322096884,691.25,-122.5,-1356.25,
1759266322099513,848.75,131.25,-577.5,
1759266322102443,962.5,-43.75,-568.75,
1759266322105244,1531.25,-70,-481.25,
1759266322108069,1076.25,-516.25,-901.25,
1759266322110869,953.75,-96.25,-490,
1759266322113508,673.75,-358.75,-183.75,
1759266322116101,822.5,-192.5,542.5,
1759266322119007,577.5,-367.5,376.25,
1759266322121736,822.5,-166.25,446.25,
1759266322124459,691.25,-341.25,70,
1759266322127253,498.75,61.25,822.5,
1759266322129862,700,0,1058.75,
1759266322132599,822.5,-551.25,1356.25,
1759266322135546,568.75,-901.25,1102.5,
1759266322138337,770,-971.25,1408.75,
1759266322141488,840,-1067.5,1242.5,
1759266322144231,1242.5,-1233.75,1373.75,
1759266322146827,1373.75,-1216.25,1137.5,
1759266322149659,1610,-1391.25,1478.75,
1759266322152438,1443.75,-1470,1583.75,
1759266322155004,1321.25,-1391.25,1618.75,
1759266322157726,1207.5,-1443.75,1592.5,
1759266322160436,1058.75,-1356.25,1688.75,
1759266322162992,1330,-1338.75,1820,
1759266322165725,1391.25,-1426.25,1811.25,
1759266322168657,1732.5,-1566.25,2012.5,
1759266322171311,1225,-1758.75,2100,
1759266322174118,665,-1636.25,1933.75,
1759266322176864,358.75,-1303.75,2038.75,
1759266322179433,481.25,-1076.25,1872.5,
1759266322182282,595,-1251.25,1793.75,
1759266322184974,113.75,-1260,1662.5,
1759266322187617,525,-1032.5,1618.75,
1759266322190304,385,-1163.75,1627.5,
1759266322193098,306.25,-1032.5,953.75,
1759266322195990,-271.25,-1128.75,971.25,
1759266322198622,350,-516.25,813.75,
1759266322201303,227.5,-980,700,
1759266322203884,866.25,-673.75,350,
1759266322206531,446.25,-875,437.5,
1759266322209611,831.25,-1181.25,-43.75,
1759266322212284,726.25,-682.5,-262.5,
1759266322214855,1268.75,-603.75,-630,
1759266322217352,1470,-883.75,-743.75,
1759266322219857,1268.75,-691.25,-892.5,
1759266322222492,796.25,-262.5,-253.75,
1759266322225318,875,-227.5,-428.75,
1759266322228303,411.25,-148.75,-743.75,
1759266322230804,262.5,35,-945,
1759266322233350,595,140,-997.5,
1759266322235849,402.5,26.25,-603.75,
1759266322238476,420,183.75,-507.5,
1759266322241563,551.25,131.25,-770,
1759266322244168,498.75,358.75,-875,
1759266322246640,455,472.5,-1015,
1759266322249172,568.75,140,-778.75,
1759266322251755,367.5,210,-437.5,
1759266322254250,533.75,350,-393.75,
1759266322257040,638.75,70,-612.5,
1759266322259700,665,78.75,-621.25,
1759266322262202,717.5,-175,-603.75,
1759266322264793,840,-148.75,-586.25,
1759266322267294,638.75,157.5,-157.5,
1759266322269803,988.75,-393.75,-831.25,
1759266322272470,1540,-367.5,-568.75,
1759266322275314,1295,-595,-472.5,
1759266322277866,1198.75,-507.5,-271.25,
1759266322280476,980,-271.25,-113.75,
1759266322283004,752.5,-446.25,245,
1759266322285592,560,-446.25,-35,
1759266322288407,796.25,-568.75,315,
1759266322291197,717.5,-315,595,
1759266322293770,621.25,-297.5,603.75,
1759266322296416,630,-796.25,1321.25,
1759266322299114,796.25,-796.25,796.25,
1759266322301693,393.75,-647.5,673.75,
1759266322304785,778.75,-831.25,1111.25,
1759266322307547,682.5,-813.75,1356.25,
1759266322310211,997.5,-866.25,1662.5,
1759266322312689,822.5,-1251.25,1618.75,
1759266322315276,647.5,-1338.75,988.75,
1759266322317932,1023.75,-1566.25,927.5,
1759266322320832,1155,-1312.5,1076.25,
1759266322323694,1365,-1662.5,1181.25,
1759266322326537,1828.75,-1741.25,1015,
1759266322329077,1522.5,-1540,1076.25,
1759266322331577,1671.25,-1443.75,805,
1759266322334096,1741.25,-1443.75,1067.5,
1759266322336684,1575,-1347.5,1067.5,
1759266322339305,1373.75,-1653.75,1155,
1759266322342103,1400,-1645,1137.5,
1759266322344681,1356.25,-1487.5,1023.75,
1759266322347201,1181.25,-1723.75,1303.75,
1759266322349927,1242.5,-1583.75,1347.5,
1759266322352680,1216.25,-1111.25,1330,
1759266322355280,1242.5,-1093.75,1426.25,
1759266322358250,1207.5,-971.25,1190,
1759266322360945,971.25,-761.25,1058.75,
1759266322363444,988.75,-717.5,1006.25,
1759266322365894,1268.75,-673.75,1085,
1759266322368444,1391.25,-805,1277.5,
1759266322371097,1391.25,-708.75,901.25,
1759266322373786,1400,-796.25,787.5,
1759266322376316,1408.75,-787.5,455,
1759266322378816,1575,-778.75,481.25,
1759266322381441,1426.25,-805,533.75,
1759266322383977,1855,-840,638.75,
1759266322386515,1225,-542.5,192.5,
1759266322389047,1426.25,-472.5,332.5,
1759266322391765,1531.25,-411.25,595,
1759266322394263,1408.75,-621.25,183.75,
1759266322396923,1583.75,-577.5,332.5,
1759266322399475,1155,-463.75,175,
1759266322401975,1382.5,-183.75,533.75,
1759266322404561,927.5,-411.25,428.75,
1759266322407394,840,-166.25,603.75,
1759266322410224,927.5,-87.5,507.5,
1759266322412937,376.25,236.25,437.5,
1759266322415668,612.5,87.5,105,
1759266322418435,542.5,113.75,-52.5,
1759266322421045,638.75,420,-52.5,
1759266322423758,787.5,-183.75,-70,
1759266322426454,1058.75,-455,-140,
1759266322429115,1120,-297.5,-437.5,
1759266322431752,1111.25,-262.5,-393.75,
1759266322434429,980,-341.25,-367.5,
1759266322437030,1041.25,-218.75,-568.75,
1759266322439685,892.5,-481.25,-656.25,
1759266322442302,472.5,-533.75,-245,
1759266322444870,560,-455,-525,
1759266322447549,901.25,-542.5,-376.25,
1759266322450033,376.25,-726.25,-376.25,
1759266322452549,700,-743.75,-866.25,
1759266322455124,560,-848.75,-656.25,
1759266322457778,796.25,-892.5,-446.25,
1759266322460479,411.25,-822.5,-157.5,
1759266322463149,70,-875,-52.5,
1759266322465652,262.5,-980,17.5,
1759266322468194,166.25,-700,-70,
1759266322470748,218.75,-498.75,-166.25,
1759266322473298,192.5,-595,262.5,
1759266322476124,542.5,-630,472.5,
1759266322478746,481.25,-918.75,332.5,
1759266322481291,665,-1365,350,
1759266322483792,1111.25,-1207.5,315,
1759266322486317,813.75,-1058.75,507.5,
1759266322488970,1120,-1408.75,586.25,
1759266322491571,1190,-1382.5,691.25,
1759266322494042,1041.25,-1260,875,
1759266322496520,1198.75,-1128.75,560,
1759266322499020,1023.75,-1260,761.25,
1759266322501537,1128.75,-1347.5,901.25,
1759266322504116,1513.75,-1260,735,
1759266322507101,1557.5,-1067.5,1032.5,
1759266322509846,1242.5,-1155,892.5,
1759266322512543,1811.25,-1085,1093.75,
1759266322515019,1461.25,-1120,1312.5,
1759266322517573,1391.25,-1286.25,1382.5,
1759266322520372,1190,-997.5,1645,
1759266322522975,1137.5,-840,1592.5,
1759266322525978,1207.5,-805,1592.5,
1759266322528600,1111.25,-673.75,1443.75,
1759266322531196,1295,-586.25,1478.75,
1759266322533846,1155,-621.25,1566.25,
1759266322536560,1592.5,-796.25,1216.25,
1759266322539261,1461.25,-962.5,1050,
1759266322542100,1163.75,-682.5,1400,
1759266322544777,1408.75,-840,1172.5,
1759266322547277,1373.75,-778.75,918.75,
1759266322549736,1548.75,-796.25,840,
1759266322552314,1233.75,-761.25,516.25,
1759266322554903,1120,-411.25,402.5,
1759266322557442,1443.75,-428.75,630,
1759266322560107,1347.5,-656.25,411.25,
1759266322562725,1338.75,-481.25,306.25,
1759266322565185,1391.25,-638.75,218.75,
1759266322568201,1093.75,-638.75,0,
1759266322570723,1242.5,-323.75,0,
1759266322573227,612.5,-542.5,210,
1759266322575795,463.75,-131.25,166.25,
1759266322578223,761.25,-288.75,43.75,
1759266322580722,463.75,-271.25,-78.75,
1759266322583219,778.75,-8.75,-183.75,
1759266322585767,735,61.25,-52.5,
1759266322588304,385,148.75,-17.5,
1759266322591060,210,-105,-227.5,
1759266322593622,-52.5,-358.75,-166.25,
1759266322596119,-70,-796.25,-210,
1759266322598672,166.25,-218.75,-8.75,
1759266322601180,43.75,-551.25,-332.5,
1759266322603765,393.75,-708.75,-280,
1759266322606403,341.25,-402.5,-630,
1759266322609185,516.25,-358.75,-358.75,
1759266322611873,717.5,-700,-525,
1759266322614426,393.75,-586.25,-577.5,
1759266322617039,385,-682.5,-297.5,
1759266322619617,533.75,-665,-8.75,
1759266322622387,253.75,-708.75,0,
1759266322625123,192.5,-980,376.25,
1759266322627830,218.75,-831.25,105,
1759266322630549,-70,-595,218.75,
1759266322633114,61.25,-393.75,131.25,
1759266322635664,-122.5,-463.75,411.25,
1759266322638307,-245,-525,411.25,
1759266322641224,-35,-700,533.75,
1759266322643920,-8.75,-367.5,612.5,
1759266322646504,-358.75,-516.25,665,
1759266322649033,192.5,-708.75,630,
1759266322651701,-148.75,-743.75,778.75,
1759266322654516,157.5,-805,568.75,
1759266322657337,621.25,-848.75,848.75,
1759266322660295,262.5,-796.25,805,
1759266322662990,875,-883.75,638.75,
1759266322665541,910,-708.75,586.25,
1759266322668210,665,-962.5,428.75,
1759266322670948,1128.75,-883.75,393.75,
1759266322674208,1102.5,-778.75,332.5,
1759266322685991,1023.75,-805,525,
1759266322688948,866.25,-726.25,638.75,
1759266322692326,971.25,-516.25,840,
1759266322695099,953.75,-656.25,621.25,
1759266322697769,1163.75,-568.75,577.5,
1759266322700529,1050,-253.75,682.5,
1759266322703255,805,-402.5,735,
1759266322706300,700,-665,735,
1759266322709270,665,-551.25,647.5,
1759266322712018,831.25,-516.25,586.25,
1759266322714696,708.75,-638.75,533.75,
1759266322717352,1207.5,-787.5,630,
1759266322720218,1050,-516.25,350,
1759266322722957,936.25,-647.5,227.5,
1759266322725696,822.5,-560,8.75,
1759266322728405,927.5,-840,43.75,
1759266322730986,682.5,-796.25,35,
1759266322733670,595,-918.75,210,
1759266322736592,595,-813.75,192.5,
1759266322739360,787.5,-866.25,201.25,
1759266322742155,656.25,-568.75,437.5,
1759266322744804,253.75,-717.5,350,
1759266322747426,315,-402.5,402.5,
1759266322750075,43.75,-183.75,420,
1759266322753119,-87.5,-210,411.25,
1759266322755781,122.5,-297.5,437.5,
1759266322758737,-271.25,-288.75,612.5,
1759266322761479,-227.5,-210,315,
1759266322764148,-122.5,-455,297.5,
1759266322766860,-367.5,-455,288.75,
1759266322769673,0,-481.25,315,
1759266322772441,-297.5,-428.75,218.75,
1759266322775561,183.75,-341.25,35,
1759266322778275,-78.75,-481.25,8.75,
1759266322780945,-87.5,-577.5,8.75,
1759266322783947,-87.5,-595,-96.25,
1759266322786670,175,-971.25,122.5,
1759266322789381,43.75,-848.75,0,
1759266322792274,0,-988.75,-148.75,
1759266322795078,113.75,-840,105,
1759266322797663,236.25,-892.5,61.25,
1759266322800343,-61.25,-743.75,70,
1759266322802883,61.25,-778.75,-87.5,
1759266322805412,-87.5,-367.5,-61.25,
1759266322808222,-175,-385,-306.25,
1759266322811098,-201.25,-105,122.5,
1759266322813653,-271.25,-516.25,131.25,
1759266322816213,-297.5,-542.5,166.25,
1759266322818785,131.25,-385,-8.75,
1759266322821421,-306.25,-455,183.75,
1759266322824172,-113.75,-691.25,-52.5,
1759266322826914,411.25,-691.25,490,
1759266322829657,148.75,-516.25,35,
1759266322832336,568.75,-402.5,113.75,
1759266322834989,341.25,-376.25,52.5,
1759266322837691,621.25,-612.5,-43.75,
1759266322840598,708.75,-595,8.75,
1759266322843409,595,-866.25,175,
1759266322846341,875,-971.25,175,
1759266322848900,848.75,-831.25,446.25,
1759266322851564,630,-787.5,367.5,
1759266322854208,848.75,-700,525,
1759266322857021,848.75,-621.25,603.75,
1759266322859999,516.25,-420,875,
1759266322862662,358.75,-175,586.25,
1759266322865308,437.5,-175,953.75,
1759266322868041,708.75,-315,1076.25,
1759266322870735,700,-551.25,1102.5,
1759266322873691,665,-630,1058.75,
1759266322877456,770,-595,1190,
1759266322880281,420,-533.75,1041.25,
1759266322882864,673.75,-665,1015,
1759266322885452,805,-621.25,787.5,
1759266322888087,428.75,-612.5,831.25,
1759266322891065,455,-463.75,857.5,
1759266322893807,708.75,-560,603.75,
1759266322896488,446.25,-743.75,612.5,
1759266322899115,673.75,-778.75,472.5,
1759266322901851,988.75,-673.75,393.75,
1759266322904580,577.5,-1006.25,411.25,
1759266322907886,428.75,-953.75,437.5,
1759266322910651,455,-752.5,568.75,
1759266322913323,-35,-778.75,262.5,
1759266322915984,-26.25,-866.25,420,
1759266322918676,350,-315,245,
1759266322921453,-87.5,-560,183.75,
1759266322924410,-131.25,-673.75,350,
1759266322927234,-87.5,-525,481.25,
1759266322930040,-26.25,-761.25,245,
1759266322932889,-245,-577.5,96.25,
1759266322935720,17.5,-717.5,43.75,
1759266322938874,-463.75,-603.75,-87.5,
1759266322941982,-131.25,-525,-140,
1759266322945044,-70,-542.5,-315,
1759266322947685,26.25,-323.75,-113.75,
1759266322950368,201.25,-840,8.75,
1759266322953187,201.25,-612.5,-297.5,
1759266322955847,306.25,-717.5,-385,
1759266322958651,253.75,-603.75,-210,
1759266322961309,420,-901.25,-288.75,
1759266322963960,26.25,-796.25,-218.75,
1759266322966645,463.75,-472.5,-113.75,
1759266322969627,218.75,-420,-297.5,
1759266322972401,-17.5,-428.75,-96.25,
1759266322975313,-166.25,17.5,175,
1759266322977968,-52.5,-183.75,35,
1759266322980637,-87.5,-385,560,
1759266322983430,105,-105,122.5,
1759266322986371,271.25,-245,323.75,
1759266322989061,70,-218.75,332.5,
1759266322991844,-148.75,-358.75,507.5,
1759266322994530,201.25,-236.25,402.5,
1759266322997174,17.5,-157.5,26.25,
1759266322999967,428.75,-376.25,385,
1759266323002698,647.5,-332.5,341.25,
1759266323005427,665,-376.25,87.5,
1759266323008302,638.75,-455,253.75,
1759266323011130,805,-428.75,358.75,
1759266323013909,778.75,-595,297.5,
1759266323016524,1102.5,-560,411.25,
1759266323019124,761.25,-630,315,
1759266323021729,691.25,-621.25,350,
1759266323024666,918.75,-262.5,280,
1759266323027351,1023.75,-577.5,472.5,
1759266323030073,1032.5,-463.75,848.75,
1759266323032608,1111.25,-498.75,411.25,
1759266323035074,866.25,-437.5,743.75,
1759266323037575,875,-682.5,770,
1759266323040264,507.5,-490,717.5,
1759266323042990,700,-472.5,761.25,
1759266323045542,603.75,-612.5,831.25,
1759266323048034,507.5,-498.75,638.75,
1759266323050612,603.75,-568.75,621.25,
1759266323053142,761.25,-630,297.5,
1759266323055771,673.75,-481.25,568.75,
1759266323058520,1023.75,-682.5,586.25,
1759266323061073,813.75,-971.25,621.25,
1759266323063657,892.5,-708.75,673.75,
1759266323066293,691.25,-1067.5,533.75,
1759266323068949,866.25,-1146.25,288.75,
1759266323071707,787.5,-997.5,568.75,
1759266323074606,542.5,-1312.5,525,
1759266323077511,437.5,-866.25,848.75,
1759266323080111,717.5,-831.25,463.75,
1759266323082757,778.75,-1023.75,542.5,
1759266323085448,892.5,-883.75,437.5,
1759266323088118,910,-778.75,831.25,
1759266323091291,621.25,-971.25,770,
1759266323094108,358.75,-586.25,411.25,
1759266323096762,332.5,-700,638.75,
1759266323099400,393.75,-1058.75,586.25,
1759266323102098,201.25,-918.75,770,
1759266323104944,271.25,-796.25,490,
1759266323108242,341.25,-568.75,822.5,
1759266323111315,17.5,-428.75,603.75,
1759266323113937,420,-472.5,323.75,
1759266323116606,306.25,-603.75,367.5,
1759266323119275,236.25,-411.25,428.75,
1759266323122081,490,-463.75,218.75,
1759266323125279,376.25,-516.25,-122.5,
1759266323128094,551.25,-472.5,35,
1759266323130709,551.25,-586.25,-122.5,
1759266323133203,743.75,-726.25,-122.5,
1759266323135805,770,-463.75,-236.25,
1759266323138600,463.75,-542.5,-210,
1759266323141709,586.25,-525,-35,
1759266323144494,638.75,-61.25,-105,
1759266323146962,385,17.5,35,
1759266323149493,533.75,-358.75,-105,
1759266323152089,568.75,-87.5,-166.25,
1759266323154634,603.75,-262.5,140,
1759266323157233,577.5,-428.75,227.5,
1759266323160383,822.5,-131.25,166.25,
1759266323162870,673.75,-603.75,52.5,
1759266323165381,770,-140,-8.75,
1759266323167968,901.25,-288.75,26.25,
1759266323170538,892.5,-175,-35,
1759266323173111,1093.75,-367.5,-175,
1759266323176010,778.75,-157.5,-8.75,
1759266323178579,953.75,-227.5,0,
1759266323181128,1155,-595,87.5,
1759266323183627,1207.5,-341.25,245,
1759266323186164,1155,-297.5,-236.25,
1759266323188696,1330,-682.5,201.25,
1759266323191339,1268.75,-402.5,148.75,
1759266323193912,1050,-726.25,385,
1759266323196481,1216.25,-490,201.25,
1759266323199107,1120,-498.75,612.5,
1759266323201789,1277.5,-787.5,691.25,
1759266323204415,1225,-612.5,883.75,
1759266323207172,962.5,-638.75,700,
1759266323209913,1015,-717.5,822.5,
1759266323212601,1067.5,-936.25,1058.75,
1759266323215206,1085,-822.5,787.5,
1759266323217856,875,-796.25,1041.25,
1759266323220477,1102.5,-971.25,953.75,
1759266323223082,901.25,-988.75,1120,
1759266323225957,875,-595,1198.75,
1759266323228643,1163.75,-630,1242.5,
1759266323231475,962.5,-708.75,1312.5,
1759266323234034,988.75,-1067.5,1347.5,
1759266323236743,1295,-1146.25,1225,
1759266323239503,1181.25,-1155,971.25,
1759266323242582,1041.25,-945,918.75,
1759266323245161,1198.75,-1111.25,857.5,
1759266323248156,988.75,-1093.75,708.75,
1759266323250826,761.25,-1137.5,848.75,
1759266323253540,568.75,-927.5,953.75,
1759266323256414,822.5,-971.25,647.5,
1759266323259589,831.25,-1172.5,778.75,
1759266323262931,752.5,-901.25,875,
1759266323265515,752.5,-1146.25,682.5,
1759266323268046,971.25,-962.5,595,
1759266323270515,463.75,-1163.75,332.5,
1759266323273063,603.75,-682.5,411.25,
1759266323275939,971.25,-682.5,437.5,
1759266323278560,840,-481.25,376.25,
1759266323281106,1120,-682.5,192.5,
1759266323283630,743.75,-560,-17.5,
1759266323286233,603.75,-507.5,-61.25,
1759266323288966,717.5,-630,0,
1759266323292107,1058.75,-577.5,-166.25,
1759266323295077,1225,-481.25,-166.25,
1759266323297600,1032.5,-595,-253.75,
1759266323300076,1198.75,-901.25,-192.5,
1759266323302599,1006.25,-455,-113.75,
1759266323305098,831.25,-420,-175,
1759266323307706,761.25,-236.25,-8.75,
1759266323310387,1015,-201.25,96.25,
1759266323312893,761.25,-297.5,8.75,
1759266323315553,1128.75,-253.75,96.25,
1759266323318223,1111.25,-490,-78.75,
1759266323320792,866.25,-218.75,-43.75,
1759266323323566,1085,-297.5,-8.75,
1759266323326456,1076.25,-26.25,26.25,
1759266323329097,761.25,-78.75,-166.25,
1759266323331790,752.5,-157.5,78.75,
1759266323334503,927.5,-341.25,210,
1759266323337185,866.25,-148.75,105,
1759266323340001,1102.5,-288.75,411.25,
1759266323343013,848.75,-297.5,411.25,
1759266323345702,1190,-507.5,542.5,
1759266323348382,980,-516.25,271.25,
1759266323351099,1163.75,-551.25,175,
1759266323353848,735,-577.5,350,
1759266323356706,1102.5,-612.5,647.5,
1759266323360092,848.75,-612.5,516.25,
1759266323362749,1155,-700,551.25,
1759266323365248,980,-735,437.5,
1759266323367748,1041.25,-603.75,533.75,
1759266323370340,848.75,-1023.75,682.5,
1759266323373177,1155,-1102.5,603.75,
1759266323376064,953.75,-1050,393.75,
1759266323378657,796.25,-1015,726.25,
1759266323381080,1006.25,-1058.75,568.75,
1759266323383580,665,-997.5,717.5,
1759266323386244,656.25,-918.75,988.75,
1759266323388743,673.75,-1006.25,778.75,
1759266323391535,726.25,-1006.25,560,
1759266323394183,717.5,-988.75,498.75,
1759266323396750,901.25,-1400,857.5,
1759266323399434,875,-857.5,700,
1759266323402160,980,-1181.25,726.25,
1759266323404741,831.25,-1408.75,551.25,
1759266323407333,962.5,-1391.25,516.25,
1759266323410159,1023.75,-1426.25,665,
1759266323412745,936.25,-1347.5,481.25,
1759266323415242,927.5,-1251.25,420,
1759266323417862,1198.75,-1146.25,525,
1759266323420429,840,-997.5,822.5,
1759266323423031,997.5,-1303.75,577.5,
1759266323425697,962.5,-1155,490,
1759266323428361,883.75,-1006.25,455,
1759266323431050,1216.25,-1163.75,752.5,
1759266323433695,840,-743.75,945,
1759266323436323,1006.25,-848.75,918.75,
1759266323439049,1260,-455,673.75,
1759266323441992,866.25,-813.75,813.75,
1759266323444757,831.25,-542.5,726.25,
1759266323447473,1093.75,-481.25,507.5,
1759266323449998,525,-560,691.25,
1759266323452565,927.5,-586.25,603.75,
1759266323455232,980,-210,516.25,
1759266323457860,892.5,-367.5,507.5,
1759266323460564,717.5,-393.75,455,
1759266323463290,1093.75,-516.25,507.5,
1759266323465920,708.75,-525,341.25,
1759266323468520,927.5,-96.25,306.25,
1759266323471166,988.75,-446.25,577.5,
1759266323473792,1041.25,-463.75,113.75,
1759266323476631,901.25,-437.5,288.75,
1759266323479310,848.75,-306.25,236.25,
1759266323481790,1015,-367.5,61.25,
1759266323484306,638.75,-341.25,236.25,
1759266323486790,883.75,-525,201.25,
1759266323489306,918.75,-113.75,78.75,
1759266323491959,525,-192.5,87.5,
1759266323494882,717.5,-17.5,122.5,
1759266323497500,516.25,-385,-87.5,
1759266323500055,350,-525,148.75,
1759266323502721,595,-472.5,61.25,
1759266323505411,463.75,-525,87.5,
1759266323508248,621.25,-472.5,17.5,
1759266323511121,481.25,-525,43.75,
1759266323513804,437.5,-857.5,227.5,
1759266323516408,437.5,-717.5,-78.75,
1759266323519080,350,-498.75,8.75,
1759266323521745,393.75,-647.5,43.75,
1759266323524601,752.5,-778.75,78.75,
1759266323527494,490,-971.25,-96.25,
1759266323530158,306.25,-1023.75,-113.75,
1759266323532840,437.5,-682.5,175,
1759266323535508,647.5,-708.75,306.25,
1759266323538261,533.75,-892.5,-113.75,
1759266323541352,323.75,-910,288.75,
1759266323544295,218.75,-1452.5,358.75,
1759266323547001,595,-840,332.5,
1759266323549652,568.75,-875,542.5,
1759266323552426,726.25,-1172.5,542.5,
1759266323555428,691.25,-1146.25,673.75,
1759266323558371,647.5,-673.75,665,
1759266323561165,332.5,-988.75,831.25,
1759266323563789,612.5,-735,691.25,
1759266323566329,507.5,-1268.75,612.5,
1759266323568997,542.5,-498.75,691.25,
1759266323571999,551.25,-1111.25,927.5,
1759266323574900,507.5,-875,857.5,
1759266323577703,848.75,-840,813.75,
1759266323580327,612.5,-700,796.25,
1759266323582996,813.75,-498.75,848.75,
1759266323585718,700,-813.75,892.5,
1759266323588540,1023.75,-717.5,945,
1759266323591483,945,-735,717.5,
1759266323594262,813.75,-857.5,831.25,
1759266323596909,770,-866.25,883.75,
1759266323599697,883.75,-490,726.25,
1759266323602563,1050,-630,840,
1759266323605326,770,-560,402.5,
1759266323608336,813.75,-542.5,638.75,
1759266323611198,980,-463.75,507.5,
1759266323613950,953.75,-446.25,507.5,
1759266323616633,848.75,-700,700,
1759266323619318,700,-367.5,332.5,
1759266323621993,953.75,-472.5,332.5,
1759266323624972,437.5,-481.25,358.75,
1759266323627688,533.75,-271.25,-210,
1759266323630278,866.25,-350,-78.75,
1759266323632941,472.5,-455,-35,
1759266323635522,980,-227.5,70,
1759266323638121,717.5,-245,78.75,
1759266323641106,857.5,-385,-8.75,
1759266323643811,647.5,-560,-481.25,
1759266323646378,288.75,-542.5,-17.5,
1759266323648923,297.5,-507.5,-131.25,
1759266323651518,393.75,-770,157.5,
1759266323654102,455,-472.5,-157.5,
1759266323656815,280,-682.5,-17.5,
1759266323659648,245,-656.25,-245,
1759266323662291,350,-717.5,-87.5,
1759266323665141,341.25,-560,105,
1759266323667710,166.25,-560,-105,
1759266323670375,245,-735,122.5,
1759266323673046,96.25,-638.75,192.5,
1759266323676058,0,-673.75,227.5,
1759266323678958,61.25,-542.5,105,
1759266323681635,17.5,-612.5,271.25,
1759266323684172,131.25,-971.25,402.5,
1759266323686745,288.75,-1102.5,262.5,
1759266323689259,446.25,-743.75,105,
1759266323691990,227.5,-1050,516.25,
1759266323694675,-61.25,-1023.75,113.75,
1759266323697207,61.25,-656.25,376.25,
1759266323699741,210,-673.75,533.75,
1759266323702258,175,-586.25,341.25,
1759266323704739,157.5,-962.5,341.25,
1759266323707300,253.75,-630,726.25,
1759266323710096,-35,-910,428.75,
1759266323712681,551.25,-752.5,350,
1759266323715291,253.75,-857.5,673.75,
1759266323717755,525,-577.5,516.25,
1759266323720298,-35,-586.25,612.5,
1759266323722860,490,-735,726.25,
1759266323725460,227.5,-446.25,568.75,
1759266323728103,96.25,-595,428.75,
1759266323730650,87.5,-647.5,708.75,
1759266323733253,568.75,-691.25,498.75,
1759266323736000,192.5,-463.75,647.5,
1759266323738696,656.25,-945,568.75,
1759266323741629,105,-673.75,568.75,
1759266323744404,787.5,-595,498.75,
1759266323746952,420,-726.25,568.75,
1759266323749459,507.5,-735,236.25,
1759266323752203,638.75,-516.25,358.75,
1759266323754858,577.5,-700,157.5,
1759266323757669,586.25,-253.75,437.5,
1759266323760686,612.5,-420,455,
1759266323763283,787.5,-315,210,
1759266323765941,551.25,-586.25,332.5,
1759266323768659,691.25,-525,402.5,
1759266323771559,735,-315,280,
1759266323774244,752.5,-682.5,140,
1759266323776845,568.75,-227.5,227.5,
1759266323779345,472.5,-350,0,
1759266323781949,516.25,-516.25,472.5,
1759266323784510,708.75,-35,420,
1759266323787260,691.25,-367.5,323.75,
1759266323789812,717.5,-367.5,280,
1759266323792597,735,-542.5,201.25,
1759266323795185,568.75,-560,638.75,
1759266323797646,778.75,-525,638.75,
1759266323800341,638.75,-507.5,708.75,
1759266323802857,446.25,-752.5,446.25,
1759266323805436,271.25,-586.25,743.75,
1759266323808150,437.5,-621.25,577.5,
1759266323810811,367.5,-726.25,691.25,
1759266323813437,551.25,-682.5,236.25,
1759266323816005,533.75,-805,533.75,
1759266323818733,638.75,-595,428.75,
1759266323821337,52.5,-796.25,490,
1759266323824008,341.25,-901.25,840,
1759266323826783,507.5,-367.5,665,
1759266323829334,420,-813.75,507.5,
1759266323832084,105,-857.5,586.25,
1759266323834768,192.5,-612.5,481.25,
1759266323837437,175,-612.5,140,
1759266323840129,341.25,-726.25,700,
1759266323842957,17.5,-752.5,455,
1759266323845630,-8.75,-735,393.75,
1759266323848498,70,-577.5,288.75,
1759266323851109,70,-822.5,455,
1759266323853759,43.75,-673.75,288.75,
1759266323856521,52.5,-621.25,201.25,
1759266323859530,218.75,-603.75,280,
1759266323862273,-17.5,-630,236.25,
1759266323864924,175,-507.5,227.5,
1759266323867494,148.75,-787.5,-78.75,
1759266323870204,17.5,-577.5,201.25,
1759266323872928,245,-463.75,131.25,
1759266323875925,61.25,-323.75,-26.25,
1759266323878591,332.5,-533.75,17.5,
1759266323881213,595,-551.25,122.5,
1759266323883696,245,-455,105,
1759266323886215,253.75,-402.5,-122.5,
1759266323888790,262.5,-656.25,43.75,
1759266323891424,201.25,-516.25,-271.25,
1759266323894252,306.25,-253.75,-166.25,
1759266323896813,437.5,-533.75,26.25,
1759266323899316,542.5,-498.75,341.25,
1759266323901750,910,-586.25,-43.75,
1759266323904248,271.25,-673.75,78.75,
1759266323906876,175,-87.5,183.75,
1759266323909913,630,-192.5,393.75,
1759266323912457,358.75,-367.5,218.75,
1759266323915044,490,-603.75,253.75,
1759266323917651,577.5,-253.75,420,
1759266323920314,901.25,-455,411.25,
1759266323922984,805,-472.5,437.5,
1759266323926409,726.25,-385,306.25,
1759266323929399,498.75,-481.25,271.25,
1759266323932081,840,-376.25,481.25,
1759266323934686,647.5,-490,630,
1759266323937404,1102.5,-420,673.75,
1759266323939954,463.75,-595,857.5,
1759266323942828,691.25,-472.5,525,
1759266323945573,402.5,-428.75,708.75,
1759266323948475,831.25,-498.75,691.25,
1759266323951111,726.25,-621.25,717.5,
1759266323953736,1163.75,-402.5,647.5,
1759266323956447,910,-393.75,805,
1759266323959150,988.75,-568.75,770,
1759266323961773,778.75,-472.5,717.5,
1759266323964300,787.5,-630,778.75,
1759266323966796,428.75,-901.25,708.75,
1759266323969396,752.5,-761.25,682.5,
1759266323971942,262.5,-778.75,498.75,
1759266323974569,525,-910,700,
1759266323977298,726.25,-770,568.75,
1759266323979893,507.5,-743.75,446.25,
1759266323982509,621.25,-752.5,560,
1759266323984977,490,-936.25,428.75,
1759266323987463,437.5,-901.25,630,
1759266323990071,647.5,-647.5,411.25,
1759266323992688,525,-1093.75,778.75,
1759266323995186,551.25,-805,420,
1759266323997704,595,-743.75,726.25,
1759266324000292,411.25,-866.25,560,
1759266324002886,691.25,-831.25,507.5,
1759266324005367,726.25,-918.75,385,
1759266324008061,682.5,-1111.25,175,
1759266324010622,603.75,-840,306.25,
1759266324013095,490,-796.25,280,
1759266324015595,516.25,-682.5,288.75,
1759266324018313,428.75,-691.25,490,
1759266324020806,595,-673.75,245,
1759266324023391,612.5,-726.25,61.25,
1759266324026144,507.5,-708.75,280,
1759266324028747,752.5,-455,8.75,
1759266324031376,358.75,-883.75,245,
1759266324034117,560,-367.5,-35,
1759266324045286,638.75,-210,105,
1759266324047863,481.25,-472.5,306.25,
1759266324050425,813.75,-376.25,96.25,
1759266324053092,665,-612.5,166.25,
1759266324055328,927.5,-166.25,376.25,
1759266324057557,647.5,-472.5,210,
1759266324060408,770,-595,236.25,
1759266324063231,612.5,-455,385,
1759266324066289,778.75,-148.75,385,
1759266324069204,743.75,-105,-26.25,
1759266324072097,691.25,-586.25,61.25,
1759266324075205,1260,-131.25,8.75,
1759266324078409,708.75,35,227.5,
1759266324081564,953.75,-490,-43.75,
1759266324084418,1023.75,-341.25,280,
1759266324087041,936.25,-236.25,332.5,
1759266324089671,927.5,-446.25,402.5,
1759266324092541,542.5,-516.25,271.25,
1759266324095204,901.25,-367.5,122.5,
1759266324098164,630,-481.25,385,
1759266324100788,1146.25,-551.25,271.25,
1759266324103485,918.75,-437.5,428.75,
1759266324106194,848.75,-455,323.75,
1759266324109124,743.75,-367.5,595,
1759266324111911,770,-857.5,463.75,
1759266324114576,927.5,-848.75,358.75,
1759266324117203,1172.5,-892.5,280,
1759266324119940,612.5,-446.25,490,
1759266324122582,831.25,-1076.25,481.25,
1759266324125427,1032.5,-568.75,525,
1759266324128292,840,-656.25,463.75,
1759266324131064,918.75,-708.75,743.75,
1759266324133847,726.25,-1041.25,393.75,
1759266324136605,875,-1207.5,813.75,
1759266324139411,1198.75,-848.75,551.25,
1759266324142881,787.5,-1172.5,892.5,
1759266324145694,910,-831.25,708.75,
1759266324148474,717.5,-971.25,770,
1759266324151262,1058.75,-883.75,997.5,
1759266324154074,805,-848.75,875,
1759266324156892,420,-612.5,691.25,
1759266324160357,761.25,-927.5,840,
1759266324163066,1181.25,-962.5,787.5,
1759266324165776,901.25,-866.25,945,
1759266324168531,971.25,-910,568.75,
1759266324171284,735,-787.5,910,
1759266324174383,700,-796.25,656.25,
1759266324177402,1225,-682.5,595,
1759266324180159,910,-866.25,638.75,
1759266324182907,848.75,-735,472.5,
1759266324185774,1268.75,-796.25,411.25,
1759266324188710,1443.75,-463.75,507.5,
1759266324191722,1155,-778.75,533.75,
1759266324194568,971.25,-428.75,542.5,
1759266324197450,1137.5,-892.5,376.25,
1759266324200440,962.5,-542.5,341.25,
1759266324203401,883.75,-560,61.25,
1759266324206377,1050,-612.5,96.25,
1759266324209648,953.75,-717.5,297.5,
1759266324212543,945,-708.75,253.75,
1759266324215385,1041.25,-192.5,-61.25,
1759266324218143,1023.75,-577.5,140,
1759266324221015,1058.75,-428.75,323.75,
1759266324223889,962.5,-385,288.75,
1759266324226835,971.25,-542.5,367.5,
1759266324229489,848.75,-560,253.75,
1759266324232266,1137.5,-332.5,166.25,
1759266324235007,708.75,-411.25,35,
1759266324237954,866.25,-577.5,140,
1759266324240576,910,-437.5,-122.5,
1759266324243360,1067.5,-533.75,148.75,
1759266324245835,988.75,-525,-52.5,
1759266324248378,1128.75,-420,157.5,
1759266324250922,743.75,-358.75,35,
1759266324253545,647.5,-638.75,70,
1759266324256164,533.75,-201.25,52.5,
1759266324258815,980,-516.25,280,
1759266324261329,735,-883.75,350,
1759266324263902,918.75,-700,402.5,
1759266324266706,717.5,-761.25,332.5,
1759266324269231,542.5,-848.75,288.75,
1759266324271825,647.5,-787.5,332.5,
1759266324274611,612.5,-840,376.25,
1759266324277335,743.75,-770,665,
1759266324279950,586.25,-682.5,306.25,
1759266324282608,875,-813.75,428.75,
1759266324285161,682.5,-700,498.75,
1759266324287829,778.75,-980,586.25,
1759266324290504,840,-1085,630,
1759266324293421,682.5,-997.5,332.5,
1759266324296148,1216.25,-805,638.75,
1759266324299017,822.5,-1041.25,315,
1759266324301693,988.75,-831.25,533.75,
1759266324304321,1006.25,-822.5,437.5,
1759266324306978,980,-1111.25,463.75,
1759266324310119,910,-1058.75,691.25,
1759266324312638,822.5,-988.75,673.75,
1759266324315315,953.75,-1023.75,551.25,
1759266324317781,918.75,-997.5,936.25,
1759266324320361,840,-971.25,700,
1759266324322987,1076.25,-997.5,577.5,
1759266324325868,787.5,-1093.75,787.5,
1759266324328485,988.75,-603.75,875,
1759266324331021,1137.5,-735,577.5,
1759266324333486,1050,-638.75,761.25,
1759266324336007,1181.25,-866.25,761.25,
1759266324338520,1452.5,-700,700,
1759266324341134,971.25,-735,647.5,
1759266324343809,1303.75,-988.75,665,
1759266324346354,1347.5,-883.75,761.25,
1759266324348854,1452.5,-647.5,805,
1759266324351354,971.25,-901.25,778.75,
1759266324353854,1172.5,-603.75,586.25,
1759266324356479,1120,-463.75,245,
1759266324359398,1391.25,-822.5,533.75,
1759266324362115,1426.25,-533.75,175,
1759266324364677,1067.5,-813.75,262.5,
1759266324367206,1050,-901.25,87.5,
1759266324369712,1067.5,-621.25,175,
1759266324372309,1207.5,-638.75,0,
1759266324374861,910,-945,96.25,
1759266324377708,1286.25,-218.75,-35,
1759266324380371,927.5,-577.5,367.5,
1759266324382884,813.75,-420,245,
1759266324385508,385,-323.75,131.25,
1759266324388007,691.25,-507.5,490,
1759266324390847,603.75,-516.25,306.25,
1759266324393634,586.25,-332.5,271.25,
1759266324396200,936.25,-402.5,52.5,
1759266324398695,568.75,-428.75,131.25,
1759266324401296,805,-568.75,-35,
1759266324403842,656.25,-595,122.5,
1759266324406539,507.5,-455,-131.25,
1759266324409368,568.75,-262.5,52.5,
1759266324412090,420,-385,227.5,
1759266324414796,262.5,-577.5,-61.25,
1759266324417412,393.75,-735,105,
1759266324420291,297.5,-647.5,8.75,
1759266324423117,210,-490,227.5,
1759266324425890,350,-630,-35,
1759266324428626,507.5,-787.5,262.5,
1759266324431291,358.75,-498.75,43.75,
1759266324433946,420,-848.75,332.5,
1759266324436670,175,-665,-43.75,
1759266324439282,131.25,-656.25,402.5,
1759266324442073,26.25,-691.25,428.75,
1759266324444690,498.75,-717.5,525,
1759266324447190,166.25,-735,402.5,
1759266324449861,253.75,-743.75,455,
1759266324452632,446.25,-586.25,262.5,
1759266324455291,428.75,-1198.75,577.5,
1759266324458218,761.25,-892.5,498.75,
1759266324460961,551.25,-831.25,630,
1759266324463622,778.75,-1006.25,367.5,
1759266324466312,446.25,-962.5,411.25,
1759266324469080,455,-892.5,455,
1759266324471747,455,-927.5,656.25,
1759266324474568,848.75,-770,682.5,
1759266324477452,1085,-1015,796.25,
1759266324480183,980,-1023.75,848.75,
1759266324482993,621.25,-1006.25,910,
1759266324485618,945,-621.25,735,
1759266324488206,551.25,-1032.5,761.25,
1759266324490983,761.25,-717.5,778.75,
1759266324493781,638.75,-490,787.5,
1759266324496321,507.5,-577.5,857.5,
1759266324498933,735,-638.75,936.25,
1759266324501621,927.5,-551.25,708.75,
1759266324504293,691.25,-446.25,770,
1759266324506979,638.75,-647.5,813.75,
1759266324509893,822.5,-796.25,848.75,
1759266324512651,630,-726.25,743.75,
1759266324515441,866.25,-805,498.75,
1759266324518108,1303.75,-595,507.5,
1759266324520845,822.5,-647.5,612.5,
1759266324523511,848.75,-813.75,411.25,
1759266324526528,831.25,-577.5,341.25,
1759266324529366,910,-770,376.25,
1759266324531937,962.5,-831.25,323.75,
1759266324534688,638.75,-551.25,577.5,
1759266324537337,560,-525,490,
1759266324540007,1102.5,-630,148.75,
1759266324542940,945,-586.25,332.5,
1759266324545667,516.25,-560,323.75,
1759266324548264,586.25,-402.5,201.25,
1759266324550935,962.5,-595,446.25,
1759266324553628,586.25,-455,253.75,
1759266324556281,411.25,-717.5,192.5,
1759266324559437,516.25,-525,201.25,
1759266324562599,455,-595,105,
1759266324565182,131.25,-822.5,148.75,
1759266324567884,306.25,-586.25,192.5,
1759266324570429,148.75,-621.25,-271.25,
1759266324573082,61.25,-288.75,0,
1759266324575975,411.25,-638.75,-87.5,
1759266324578864,0,-603.75,-297.5,
1759266324581429,131.25,-638.75,-157.5,
1759266324584091,105,-630,-183.75,
1759266324586575,402.5,-621.25,-490,
1759266324589225,105,-595,96.25,
1759266324592424,35,-796.25,-78.75,
1759266324595086,8.75,-446.25,87.5,
1759266324597876,-183.75,-761.25,-227.5,
1759266324600365,-8.75,-656.25,-61.25,
1759266324602898,-26.25,-516.25,-43.75,
1759266324605580,-131.25,-315,-113.75,
1759266324608528,-78.75,-402.5,-87.5,
1759266324611065,-157.5,-236.25,131.25,
1759266324613717,-17.5,-367.5,-43.75,
1759266324616290,157.5,-595,253.75,
1759266324618856,122.5,-323.75,183.75,
1759266324621603,-192.5,-656.25,175,
1759266324624150,-253.75,-236.25,280,
1759266324626957,-35,-507.5,306.25,
1759266324629582,236.25,-446.25,350,
1759266324632076,122.5,-315,341.25,
1759266324634613,481.25,-148.75,253.75,
1759266324637385,-87.5,-700,376.25,
1759266324639951,472.5,-245,245,
1759266324642544,542.5,-551.25,-8.75,
1759266324645221,297.5,-717.5,420,
1759266324647847,577.5,-656.25,393.75,
1759266324650409,665,-542.5,455,
1759266324652909,682.5,-507.5,682.5,
1759266324655475,586.25,-533.75,428.75,
1759266324658139,691.25,-306.25,568.75,
1759266324660765,665,-603.75,621.25,
1759266324663350,883.75,-498.75,848.75,
1759266324665882,743.75,-577.5,840,
1759266324668513,997.5,-630,805,
1759266324671098,682.5,-770,936.25,
1759266324673605,901.25,-560,726.25,
1759266324676280,577.5,-822.5,988.75,
1759266324678839,875,-525,962.5,
1759266324681386,691.25,-848.75,761.25,
1759266324683940,1102.5,-691.25,962.5,
1759266324686511,805,-455,927.5,
1759266324689065,770,-656.25,787.5,
1759266324691763,1067.5,-726.25,1093.75,
1759266324694567,945,-560,875,
1759266324697155,866.25,-542.5,1015,
1759266324699688,953.75,-796.25,840,
1759266324702440,682.5,-673.75,997.5,
1759266324705083,787.5,-822.5,1085,
1759266324707792,892.5,-770,665,
1759266324710859,560,-953.75,752.5,
1759266324713697,778.75,-332.5,875,
1759266324716425,525,-665,682.5,
1759266324719127,638.75,-761.25,656.25,
1759266324721913,568.75,-402.5,332.5,
1759266324724711,420,-735,717.5,
1759266324727643,358.75,-568.75,402.5,
1759266324730464,0,-630,323.75,
1759266324733215,183.75,-551.25,341.25,
1759266324735978,131.25,-647.5,-43.75,
1759266324738778,52.5,-595,271.25,
1759266324741809,-105,-717.5,113.75,
1759266324744768,192.5,-822.5,-175,
1759266324747596,-105,-691.25,52.5,
1759266324750213,-218.75,-568.75,-43.75,
1759266324752760,8.75,-507.5,-288.75,
1759266324755386,-210,-437.5,-245,
1759266324758144,-183.75,-358.75,-315,
1759266324761067,-280,-463.75,-113.75,
1759266324763758,-297.5,-455,-533.75,
1759266324766513,-87.5,-183.75,-481.25,
1759266324769283,-113.75,-315,-446.25,
1759266324771913,-113.75,-778.75,-350,
1759266324774731,-17.5,-236.25,-402.5,
1759266324777926,-26.25,-183.75,-542.5,
1759266324780596,-201.25,-245,-507.5,
1759266324783428,-332.5,-183.75,-560,
1759266324786112,0,-70,-192.5,
1759266324788887,-78.75,-420,-358.75,
1759266324792072,70,-402.5,-472.5,
1759266324795107,52.5,-525,-332.5,
1759266324797695,105,-105,-201.25,
1759266324800361,166.25,-245,-113.75,
1759266324802966,542.5,61.25,35,
1759266324805613,218.75,-70,-210,
1759266324808664,411.25,-166.25,61.25,
1759266324811411,367.5,-236.25,87.5,
1759266324813955,796.25,-393.75,280,
1759266324816534,455,-437.5,315,
1759266324819102,682.5,-358.75,525,
1759266324821797,1023.75,-271.25,490,
1759266324824396,857.5,-201.25,796.25,
1759266324827367,831.25,-332.5,892.5,
1759266324830032,1050,-288.75,595,
1759266324832699,1198.75,-393.75,1032.5,
1759266324835346,1041.25,-691.25,682.5,
1759266324838189,1032.5,-376.25,1076.25,
1759266324840998,857.5,-542.5,1155,
1759266324844190,1163.75,-542.5,1233.75,
1759266324846903,1128.75,-507.5,910,
1759266324849431,1050,-778.75,1120,
1759266324852101,1041.25,-603.75,1155,
1759266324854958,1260,-1067.5,1408.75,
1759266324857578,936.25,-805,1076.25,
1759266324860534,1198.75,-735,1006.25,
1759266324863233,927.5,-918.75,988.75,
1759266324865732,770,-840,1531.25,
1759266324868483,1172.5,-1067.5,997.5,
1759266324871023,980,-770,1102.5,
1759266324873641,1076.25,-1172.5,1172.5,
1759266324876397,1391.25,-813.75,1286.25,
1759266324879177,962.5,-866.25,1373.75,
1759266324881841,1172.5,-1006.25,988.75,
1759266324884593,892.5,-971.25,796.25,
1759266324887209,910,-735,980,
1759266324889802,603.75,-953.75,822.5,
1759266324892651,647.5,-1216.25,796.25,
1759266324895425,437.5,-498.75,673.75,
1759266324898199,367.5,-1102.5,586.25,
1759266324901023,323.75,-1085,437.5,
1759266324903736,945,-1015,446.25,
1759266324906523,542.5,-997.5,455,
1759266324909354,96.25,-875,455,
1759266324912185,463.75,-708.75,367.5,
1759266324914898,-96.25,-708.75,367.5,
1759266324917724,551.25,-621.25,17.5,
1759266324920516,183.75,-813.75,35,
1759266324923349,463.75,-603.75,52.5,
1759266324926449,323.75,-525,-78.75,
1759266324929251,175,-761.25,17.5,
1759266324932173,192.5,-507.5,-175,
1759266324934913,332.5,-175,-192.5,
1759266324937497,533.75,-288.75,-201.25,
1759266324940164,175,-437.5,-262.5,
1759266324943015,358.75,-306.25,-253.75,
1759266324945718,481.25,-332.5,-245,
1759266324948380,481.25,-210,-385,
1759266324951072,490,-131.25,-262.5,
1759266324953744,525,-297.5,-472.5,
1759266324956510,157.5,-183.75,-490,
1759266324959555,735,-61.25,-437.5,
1759266324962428,463.75,-96.25,-148.75,
1759266324965070,148.75,315,-612.5,
1759266324967791,323.75,245,-341.25,
1759266324970506,568.75,183.75,-647.5,
1759266324973172,857.5,70,-402.5,
1759266324976170,498.75,-113.75,-271.25,
1759266324978928,647.5,17.5,-218.75,
1759266324981627,498.75,-131.25,-227.5,
1759266324984360,656.25,-166.25,-122.5,
1759266324987064,350,-332.5,-35,
1759266324989814,341.25,-78.75,148.75,
1759266324992939,918.75,-105,52.5,
1759266324995703,778.75,-376.25,148.75,
1759266324998329,848.75,-350,157.5,
1759266325000952,901.25,-288.75,236.25,
1759266325003496,875,-542.5,253.75,
1759266325006163,962.5,-761.25,192.5,
1759266325009233,1373.75,-796.25,682.5,
1759266325012057,1268.75,-805,787.5,
1759266325014866,1128.75,-901.25,761.25,
1759266325017490,1260,-778.75,577.5,
1759266325020082,1015,-1155,761.25,
1759266325022834,1347.5,-1137.5,962.5,
1759266325025668,1137.5,-1303.75,822.5,
1759266325028388,1120,-945,1172.5,
1759266325031017,1452.5,-1251.25,1181.25,
1759266325033598,1365,-1050,988.75,
1759266325036221,1181.25,-1093.75,1067.5,
1759266325038885,1216.25,-1163.75,1155,
1759266325041679,1198.75,-1347.5,1531.25,
1759266325044553,1321.25,-1242.5,1303.75,
1759266325047047,953.75,-1785,1426.25,
1759266325049645,1225,-1225,1513.75,
1759266325052215,1382.5,-1435,1522.5,
1759266325054944,936.25,-1321.25,1400,
1759266325057641,1557.5,-1478.75,1225,
1759266325060486,1190,-1041.25,1435,
1759266325063044,1076.25,-1260,1391.25,
1759266325065670,1181.25,-1321.25,1181.25,
1759266325068187,927.5,-1050,1190,
1759266325071218,1382.5,-883.75,1198.75,
1759266325073851,910,-1041.25,1478.75,
1759266325076643,1216.25,-1058.75,1146.25,
1759266325079183,1032.5,-910,822.5,
1759266325081789,988.75,-612.5,866.25,
1759266325084419,1093.75,-621.25,411.25,
1759266325087002,927.5,-560,752.5,
1759266325089666,708.75,-805,455,
1759266325092545,840,-463.75,612.5,
1759266325095293,542.5,-577.5,350,
1759266325097959,752.5,-691.25,201.25,
1759266325100638,883.75,-533.75,26.25,
1759266325103346,665,-376.25,-43.75,
1759266325106036,691.25,-306.25,-148.75,
1759266325108914,463.75,-245,-367.5,
1759266325111682,945,-306.25,-402.5,
1759266325114456,463.75,-271.25,-560,
1759266325117060,708.75,70,-446.25,
1759266325119761,481.25,-17.5,-612.5,
1759266325122474,507.5,43.75,-735,
1759266325125597,647.5,-262.5,-638.75,
1759266325128517,691.25,122.5,-980,
1759266325131199,717.5,-87.5,-857.5,
1759266325134119,691.25,-297.5,-936.25,
1759266325136842,446.25,-297.5,-691.25,
1759266325139593,918.75,-367.5,-796.25,
1759266325142389,315,-253.75,-735,
1759266325145237,691.25,-192.5,-315,
1759266325148175,577.5,52.5,-638.75,
1759266325150975,638.75,-245,-551.25,
1759266325153625,796.25,-210,-525,
1759266325156217,542.5,-420,-428.75,
1759266325159028,577.5,-148.75,-376.25,
1759266325161872,700,-428.75,-428.75,
1759266325164456,621.25,-341.25,-157.5,
1759266325166955,638.75,-411.25,17.5,
1759266325169609,752.5,-656.25,288.75,
1759266325172267,735,-542.5,332.5,
1759266325175180,805,-805,446.25,
1759266325178071,936.25,-542.5,603.75,
1759266325180658,866.25,-936.25,778.75,
1759266325183158,1146.25,-1111.25,813.75,
1759266325185657,971.25,-1050,988.75,
1759266325188157,1163.75,-1058.75,796.25,
1759266325190744,1137.5,-770,1120,
1759266325193489,1120,-1006.25,1128.75,
1759266325196280,1076.25,-936.25,1067.5,
1759266325198819,1015,-936.25,1522.5,
1759266325201390,1225,-1365,1085,
1759266325203905,1225,-1338.75,1251.25,
1759266325206599,1260,-1365,1461.25,
1759266325209418,1260,-1111.25,1435,
1759266325212177,1295,-1653.75,1461.25,
1759266325214721,1277.5,-1531.25,1531.25,
1759266325217277,1330,-1050,1303.75,
1759266325219905,1303.75,-1216.25,1338.75,
1759266325222600,927.5,-1120,1190,
1759266325225556,1225,-1295,1408.75,
1759266325228151,980,-1050,1286.25,
1759266325230772,1032.5,-1330,1286.25,
1759266325233312,1260,-1286.25,1277.5,
1759266325235939,1365,-1085,1207.5,
1759266325238611,927.5,-805,945,
1759266325241597,1093.75,-1102.5,708.75,
1759266325244310,1391.25,-1268.75,866.25,
1759266325247096,1041.25,-1268.75,857.5,
1759266325249578,1382.5,-892.5,927.5,
1759266325252143,1408.75,-691.25,638.75,
1759266325254752,1041.25,-953.75,490,
1759266325257622,1242.5,-813.75,568.75,
1759266325260339,918.75,-866.25,560,
1759266325263091,1260,-770,262.5,
1759266325265593,901.25,-630,481.25,
1759266325268139,840,-796.25,262.5,
1759266325270724,752.5,-735,253.75,
1759266325273414,1015,-446.25,175,
1759266325276099,665,-516.25,-52.5,
1759266325278930,936.25,-402.5,-131.25,
1759266325281463,805,-507.5,-411.25,
1759266325283992,315,-542.5,-26.25,
1759266325286548,175,-393.75,-148.75,
1759266325289137,437.5,-288.75,-52.5,
1759266325291829,210,-113.75,-157.5,
1759266325294522,490,-411.25,-157.5,
1759266325297111,455,-87.5,-420,
1759266325299631,586.25,-402.5,-218.75,
1759266325302295,105,-8.75,-218.75,
1759266325304877,498.75,-245,-35,
1759266325307458,280,-70,-140,
1759266325310267,411.25,-122.5,-192.5,
1759266325313015,455,-192.5,-96.25,
1759266325315627,183.75,-682.5,-367.5,
1759266325318128,568.75,-166.25,-280,
1759266325320751,647.5,-245,-227.5,
1759266325323251,288.75,-481.25,-507.5,
1759266325325903,455,-472.5,-210,
1759266325328575,280,-612.5,-315,
1759266325331124,131.25,-516.25,-210,
1759266325333649,61.25,-682.5,8.75,
1759266325336248,297.5,-455,61.25,
1759266325338902,227.5,-630,113.75,
1759266325341695,166.25,-612.5,35,
1759266325344624,70,-420,358.75,
1759266325347373,-35,-761.25,26.25,
1759266325350119,113.75,-1058.75,96.25,
1759266325352688,315,-638.75,210,
1759266325355269,236.25,-796.25,367.5,
1759266325358028,752.5,-525,157.5,
1759266325361121,595,-1023.75,490,
1759266325363783,682.5,-901.25,332.5,
1759266325366333,761.25,-1015,691.25,
1759266325368975,533.75,-1085,533.75,
1759266325371708,630,-1023.75,551.25,
1759266325374483,883.75,-910,726.25,
1759266325377068,892.5,-1146.25,831.25,
1759266325379737,761.25,-1137.5,875,
1759266325382274,1120,-1356.25,787.5,
1759266325384862,910,-1610,988.75,
1759266325387443,1260,-1260,971.25,
1759266325390113,1023.75,-1146.25,743.75,
1759266325392915,936.25,-945,1067.5,
1759266325395967,848.75,-892.5,1207.5,
1759266325405469,927.5,-945,1163.75,
1759266325408508,603.75,-1120,1426.25,
1759266325411713,752.5,-988.75,1443.75,
1759266325414649,945,-1076.25,1085,
1759266325417462,883.75,-551.25,988.75,
1759266325420296,936.25,-945,1050,
1759266325423240,1102.5,-673.75,988.75,
1759266325426321,1102.5,-840,901.25,
1759266325429485,936.25,-691.25,1032.5,
1759266325432171,1233.75,-568.75,586.25,
1759266325434670,1120,-577.5,857.5,
1759266325437272,997.5,-402.5,682.5,
1759266325439959,980,-428.75,568.75,
1759266325442768,901.25,-551.25,323.75,
1759266325445645,525,-498.75,533.75,
1759266325448221,822.5,-428.75,271.25,
1759266325450760,726.25,-490,411.25,
1759266325453389,350,-472.5,245,
1759266325456097,236.25,-280,183.75,
1759266325458900,192.5,-393.75,245,
1759266325461699,525,-210,35,
1759266325464388,376.25,-315,-122.5,
1759266325467221,393.75,-358.75,-332.5,
1759266325469960,-43.75,-236.25,-393.75,
1759266325472851,245,-192.5,-245,
1759266325475753,140,-490,-481.25,
1759266325478549,218.75,-525,-700,
1759266325481216,148.75,-420,-551.25,
1759266325483812,-78.75,-516.25,-568.75,
1759266325486601,166.25,-691.25,-778.75,
1759266325489527,297.5,-393.75,-778.75,
1759266325492218,105,-761.25,-612.5,
1759266325495087,-105,-586.25,-840,
1759266325497660,-140,-560,-673.75,
1759266325500209,148.75,-621.25,-463.75,
1759266325502941,61.25,-665,-560,
1759266325505528,-140,-472.5,-901.25,
1759266325508220,131.25,-533.75,-393.75,
1759266325511111,-166.25,-262.5,-402.5,
1759266325513684,35,-700,-148.75,
1759266325516150,-227.5,-525,-166.25,
1759266325518617,-192.5,-770,-87.5,
1759266325521204,227.5,-656.25,61.25,
1759266325523744,-105,-647.5,17.5,
1759266325526466,236.25,-691.25,376.25,
1759266325529189,-210,-647.5,560,
1759266325531932,218.75,-647.5,516.25,
1759266325534703,78.75,-778.75,551.25,
1759266325537370,-43.75,-516.25,612.5,
1759266325540042,253.75,-752.5,621.25,
1759266325542790,376.25,-936.25,813.75,
1759266325545576,525,-778.75,665,
1759266325548454,787.5,-603.75,603.75,
1759266325551270,708.75,-936.25,743.75,
1759266325553958,927.5,-945,1023.75,
1759266325556745,988.75,-323.75,787.5,
1759266325559679,848.75,-787.5,857.5,
1759266325562366,770,-822.5,848.75,
1759266325565163,717.5,-796.25,971.25,
1759266325567863,1041.25,-700,910,
1759266325570519,700,-796.25,892.5,
1759266325573239,988.75,-603.75,1172.5,
1759266325575929,857.5,-551.25,997.5,
1759266325578694,778.75,-455,988.75,
1759266325581777,918.75,-577.5,1067.5,
1759266325584534,726.25,-665,1015,
1759266325587362,953.75,-752.5,1015,
1759266325590201,971.25,-612.5,971.25,
1759266325593283,953.75,-630,822.5,
1759266325596197,910,-586.25,638.75,
1759266325598922,883.75,-708.75,743.75,
1759266325601719,805,-822.5,840,
1759266325604406,918.75,-542.5,647.5,
1759266325607264,603.75,-901.25,542.5,
1759266325610420,813.75,-638.75,472.5,
1759266325613494,761.25,-743.75,533.75,
1759266325616086,883.75,-428.75,315,
1759266325618660,1023.75,-516.25,297.5,
1759266325621223,525,-787.5,332.5,
1759266325623835,533.75,-507.5,315,
1759266325626818,673.75,-411.25,341.25,
1759266325629712,498.75,-472.5,612.5,
1759266325632215,516.25,-516.25,603.75,
1759266325634716,297.5,-568.75,472.5,
1759266325637155,-78.75,-323.75,245,
1759266325639658,78.75,-437.5,227.5,
1759266325642269,-8.75,-428.75,323.75,
1759266325644908,-17.5,-612.5,323.75,
1759266325647674,-201.25,-463.75,87.5,
1759266325650212,315,-306.25,105,
1759266325652799,-17.5,-210,210,
1759266325655327,122.5,-656.25,131.25,
1759266325657932,201.25,-848.75,227.5,
1759266325660652,-26.25,-752.5,-61.25,
1759266325663325,35,-936.25,-8.75,
1759266325665994,-122.5,-385,17.5,
1759266325668676,-17.5,-411.25,-253.75,
1759266325671386,8.75,-621.25,-105,
1759266325674172,0,-708.75,-175,
1759266325677035,227.5,-280,-245,
1759266325679900,-236.25,-376.25,-43.75,
1759266325682480,-70,-140,-236.25,
1759266325685041,-17.5,-437.5,-166.25,
1759266325687833,-227.5,-306.25,-140,
1759266325690488,-17.5,-271.25,-157.5,
1759266325693339,-148.75,-393.75,17.5,
1759266325696370,26.25,-428.75,-131.25,
1759266325698994,-341.25,-612.5,-306.25,
1759266325701563,166.25,-227.5,8.75,
1759266325704329,113.75,-280,-26.25,
1759266325706897,297.5,-332.5,-210,
1759266325709663,428.75,-376.25,-350,
1759266325712544,490,-393.75,61.25,
1759266325715133,656.25,-280,61.25,
1759266325717658,726.25,-577.5,-131.25,
1759266325720160,621.25,-437.5,-70,
1759266325722696,647.5,-656.25,-140,
1759266325725307,498.75,-472.5,122.5,
1759266325728034,805,-551.25,-166.25,
1759266325730561,953.75,-280,218.75,
1759266325733029,848.75,-551.25,122.5,
1759266325735693,831.25,-796.25,428.75,
1759266325738194,1102.5,-673.75,262.5,
1759266325740804,1023.75,-341.25,490,
1759266325743491,866.25,-796.25,446.25,
1759266325746099,796.25,-568.75,918.75,
1759266325748631,726.25,-472.5,761.25,
1759266325751402,542.5,-761.25,805,
1759266325753984,778.75,-323.75,1006.25,
1759266325756630,927.5,-525,883.75,
1759266325759657,1032.5,-735,901.25,
1759266325762468,883.75,-840,1006.25,
1759266325765075,1015,-735,1093.75,
1759266325767814,1015,-621.25,1260,
1759266325770479,1058.75,-393.75,1032.5,
1759266325773148,927.5,-717.5,953.75,
1759266325775988,1120,-717.5,1251.25,
1759266325778814,813.75,-542.5,1102.5,
1759266325781434,927.5,-455,1268.75,
1759266325784145,752.5,-1050,1128.75,
1759266325786812,1058.75,-962.5,1058.75,
1759266325789491,962.5,-665,980,
1759266325792344,997.5,-656.25,1032.5,
1759266325795172,857.5,-568.75,840,
1759266325797996,542.5,-621.25,962.5,
1759266325800710,630,-507.5,831.25,
1759266325803392,236.25,-840,717.5,
1759266325806167,463.75,-603.75,682.5,
1759266325808969,315,-525,455,
1759266325811809,113.75,-507.5,463.75,
1759266325814766,280,-691.25,306.25,
1759266325817484,236.25,-463.75,490,
1759266325820308,-96.25,-708.75,358.75,
1759266325823017,315,-577.5,236.25,
1759266325825969,201.25,-682.5,201.25,
1759266325828957,-70,-463.75,-8.75,
1759266325831634,542.5,-577.5,-61.25,
1759266325834372,428.75,-1032.5,-192.5,
1759266325837135,402.5,-525,-218.75,
1759266325839804,656.25,-665,-26.25,
1759266325842683,367.5,-682.5,-603.75,
1759266325845660,682.5,-437.5,-455,
1759266325848472,577.5,-446.25,-586.25,
1759266325851135,420,-385,-385,
1759266325853887,201.25,-332.5,-271.25,
1759266325856685,455,-446.25,-96.25,
1759266325859956,148.75,-332.5,-210,
1759266325862736,428.75,-411.25,105,
1759266325865388,105,-113.75,-87.5,
1759266325868131,201.25,-236.25,78.75,
1759266325870884,420,-245,96.25,
1759266325873874,612.5,78.75,52.5,
1759266325877285,332.5,-113.75,140,
1759266325879997,656.25,-70,262.5,
1759266325882667,271.25,-236.25,192.5,
1759266325885336,726.25,-385,323.75,
1759266325888001,918.75,-113.75,227.5,
1759266325890944,875,0,446.25,
1759266325893947,1093.75,-393.75,647.5,
1759266325896715,848.75,-210,236.25,
1759266325899456,1242.5,-533.75,455,
1759266325902289,1207.5,-350,603.75,
1759266325905103,831.25,-560,498.75,
1759266325908057,682.5,-831.25,507.5,
1759266325910971,813.75,-708.75,761.25,
1759266325913571,1163.75,-700,778.75,
1759266325916279,1198.75,-621.25,638.75,
1759266325918845,910,-918.75,551.25,
1759266325921617,848.75,-682.5,1015,
1759266325924350,796.25,-717.5,831.25,
1759266325927346,1181.25,-822.5,603.75,
1759266325930117,778.75,-612.5,761.25,
1759266325932778,953.75,-595,918.75,
1759266325935617,927.5,-682.5,883.75,
1759266325938492,1225,-586.25,647.5,
1759266325941209,866.25,-1023.75,691.25,
1759266325943931,1006.25,-945,656.25,
1759266325947105,1032.5,-1067.5,516.25,
1759266325949604,997.5,-1286.25,717.5,
1759266325952328,1050,-1058.75,525,
1759266325954932,980,-1050,682.5,
1759266325957478,1251.25,-1041.25,306.25,
1759266325960395,1216.25,-1303.75,726.25,
1759266325963100,953.75,-1102.5,525,
1759266325965637,1216.25,-962.5,691.25,
1759266325968306,1251.25,-1120,376.25,
1759266325970881,1067.5,-1023.75,446.25,
1759266325973476,1155,-1120,402.5,
1759266325976264,988.75,-1172.5,796.25,
1759266325978878,840,-796.25,796.25,
1759266325981428,437.5,-726.25,813.75,
1759266325984165,673.75,-848.75,577.5,
1759266325986722,647.5,-656.25,525,
1759266325989485,866.25,-866.25,498.75,
1759266325992238,630,-516.25,551.25,
1759266325994969,630,-621.25,656.25,
1759266325997581,516.25,-656.25,630,
1759266326000244,953.75,-638.75,210,
1759266326002758,892.5,-735,201.25,
1759266326005297,385,-630,323.75,
1759266326007917,560,-560,332.5,
1759266326010756,551.25,-673.75,236.25,
1759266326013381,962.5,-665,402.5,
1759266326016077,656.25,-297.5,96.25,
1759266326018743,603.75,-656.25,70,
1759266326021530,682.5,-402.5,43.75,
1759266326024239,726.25,-323.75,70,
1759266326027084,472.5,-253.75,367.5,
1759266326029987,927.5,-271.25,-8.75,
1759266326032657,603.75,-297.5,140,
1759266326035324,630,-455,43.75,
1759266326037911,822.5,-525,-52.5,
1759266326040672,630,-323.75,-26.25,
1759266326043576,752.5,-481.25,0,
1759266326046461,560,-280,-17.5,
1759266326049121,542.5,-481.25,43.75,
1759266326051814,612.5,-446.25,87.5,
1759266326054511,638.75,-332.5,-192.5,
1759266326057151,883.75,-288.75,-122.5,
1759266326060067,717.5,-481.25,-35,
1759266326062926,875,-612.5,-122.5,
1759266326065455,848.75,-770,183.75,
1759266326067951,901.25,-568.75,-8.75,
1759266326070560,1233.75,-752.5,175,
1759266326073211,1120,-682.5,192.5,
1759266326076078,1032.5,-682.5,253.75,
1759266326078738,918.75,-577.5,358.75,
1759266326081352,1023.75,-1058.75,437.5,
1759266326083919,1426.25,-822.5,262.5,
1759266326086535,1435,-866.25,420,
1759266326089114,1102.5,-1102.5,367.5,
1759266326092054,875,-857.5,586.25,
1759266326094970,630,-962.5,656.25,
1759266326097447,1058.75,-980,1050,
1759266326100069,1225,-1172.5,918.75,
1759266326102695,1172.5,-1111.25,971.25,
1759266326105479,1041.25,-892.5,927.5,
1759266326108072,927.5,-1050,1146.25,
1759266326110800,1032.5,-1128.75,1093.75,
1759266326113567,778.75,-1216.25,1268.75,
1759266326116104,1067.5,-962.5,1268.75,
1759266326118606,945,-1076.25,1216.25,
1759266326121436,1181.25,-1277.5,1260,
1759266326124101,848.75,-1137.5,1015,
1759266326126727,1146.25,-1041.25,1225,
1759266326129375,1155,-1233.75,1128.75,
1759266326131935,1023.75,-1303.75,1277.5,
1759266326134473,1225,-1233.75,1111.25,
1759266326137098,997.5,-1076.25,875,
1759266326139597,1015,-945,1015,
1759266326142110,1146.25,-1137.5,813.75,
1759266326145006,1286.25,-1076.25,1023.75,
1759266326147557,1058.75,-1076.25,813.75,
1759266326150095,1146.25,-997.5,927.5,
1759266326152680,1373.75,-1050,927.5,
1759266326155193,1365,-761.25,875,
1759266326157679,1076.25,-980,481.25,
1759266326160289,1548.75,-910,586.25,
1759266326162880,1111.25,-883.75,280,
1759266326165357,1461.25,-848.75,-96.25,
1759266326167927,1146.25,-612.5,402.5,
1759266326170427,1216.25,-743.75,131.25,
1759266326172927,1452.5,-866.25,96.25,
1759266326175559,1470,-813.75,-113.75,
1759266326178370,1461.25,-455,-87.5,
1759266326181085,1557.5,-1050,-52.5,
1759266326183834,1470,-297.5,52.5,
1759266326186375,805,-157.5,-420,
1759266326188923,1198.75,-376.25,-131.25,
1759266326191493,1137.5,-350,-612.5,
1759266326194244,1286.25,-481.25,-131.25,
1759266326196868,927.5,-586.25,-673.75,
1759266326199490,1181.25,-411.25,-192.5,
1759266326202034,945,-402.5,-148.75,
1759266326204699,568.75,17.5,-507.5,
1759266326207365,105,-8.75,-70,
1759266326210261,-43.75,175,70,
1759266326213078,-743.75,-323.75,-420,
1759266326215780,-131.25,-446.25,-253.75,
1759266326218374,-472.5,-43.75,-245,
1759266326221021,-245,-420,-131.25,
1759266326223668,-315,35,-183.75,
1759266326226512,-717.5,-446.25,-253.75,
1759266326229364,87.5,-332.5,245,
1759266326232027,-17.5,-857.5,-332.5,
1759266326234665,131.25,-1137.5,-297.5,
1759266326237443,-17.5,-988.75,-726.25,
1759266326240291,-43.75,-70,113.75,
1759266326243251,-411.25,-708.75,-140,
1759266326246202,288.75,-700,-96.25,
1759266326248767,236.25,-1216.25,-297.5,
1759266326251307,595,-1067.5,-481.25,
1759266326253814,805,-1286.25,-787.5,
1759266326256363,805,-1242.5,8.75,
1759266326259119,813.75,-1426.25,245,
1759266326261906,341.25,-1137.5,735,
1759266326264583,446.25,-927.5,726.25,
1759266326267193,385,-455,612.5,
1759266326269691,306.25,-533.75,1242.5,
1759266326272256,140,-770,1137.5,
1759266326274760,376.25,-848.75,1198.75,
1759266326277355,280,-1023.75,927.5,
1759266326279972,621.25,-735,1487.5,
1759266326282504,945,-708.75,1382.5,
1759266326285026,761.25,-1391.25,1207.5,
1759266326287570,1347.5,-892.5,1636.25,
1759266326290264,1260,-927.5,1225,
1759266326293405,1566.25,-1032.5,1758.75,
1759266326296177,1155,-918.75,1435,
1759266326298857,1566.25,-691.25,1680,
1759266326301598,1513.75,-752.5,2135,
1759266326304370,1767.5,-700,1365,
1759266326307163,1767.5,-778.75,1163.75,
1759266326310198,2318.75,-1032.5,1365,
1759266326312894,1373.75,-1286.25,1216.25,
1759266326315558,2458.75,-988.75,1408.75,
1759266326318185,1531.25,-1233.75,805,
1759266326320881,1601.25,-726.25,1277.5,
1759266326323843,1268.75,-560,708.75,
1759266326326748,367.5,-297.5,691.25,
1759266326329266,936.25,568.75,857.5,
1759266326331846,236.25,-253.75,1216.25,
1759266326334393,315,-638.75,848.75,
1759266326337085,498.75,-253.75,525,
1759266326340024,595,-927.5,953.75,
1759266326342873,227.5,-726.25,122.5,
1759266326345684,1137.5,-743.75,735,
1759266326348353,953.75,-735,52.5,
1759266326351061,-166.25,-516.25,8.75,
1759266326354023,787.5,113.75,-122.5,
1759266326356772,735,-752.5,-140,
1759266326359696,113.75,-918.75,-1120,
1759266326362681,708.75,-358.75,-1137.5,
1759266326365349,96.25,-953.75,-997.5,
1759266326368055,-218.75,-516.25,-953.75,
1759266326371056,-78.75,-612.5,-525,
1759266326373702,-113.75,-962.5,-577.5,
1759266326376336,-420,-647.5,-1146.25,
1759266326378878,166.25,-988.75,-953.75,
1759266326381377,-647.5,-428.75,-901.25,
1759266326384159,-796.25,-210,-665,
1759266326386832,-918.75,-201.25,148.75,
1759266326389405,-1041.25,-192.5,148.75,
1759266326392201,-1426.25,43.75,-236.25,
1759266326395041,-980,-350,-245,
1759266326397693,-533.75,-306.25,43.75,
1759266326400374,-778.75,-892.5,-411.25,
1759266326402922,-122.5,-866.25,-455,
1759266326405497,35,-752.5,-507.5,
1759266326408073,43.75,-542.5,-551.25,
1759266326410967,-78.75,-166.25,-1041.25,
1759266326413677,455,-122.5,-665,
1759266326416222,288.75,113.75,306.25,
1759266326418776,8.75,-525,-201.25,
1759266326421280,612.5,-726.25,-8.75,
1759266326423821,341.25,-1015,770,
1759266326426493,752.5,-1111.25,507.5,
1759266326429323,542.5,-892.5,183.75,
1759266326431938,332.5,-630,245,
1759266326434404,953.75,-253.75,533.75,
1759266326437029,621.25,-166.25,402.5,
1759266326439618,297.5,-52.5,253.75,
1759266326442274,551.25,-218.75,148.75,
1759266326445343,-61.25,315,446.25,
1759266326447987,-210,183.75,621.25,
1759266326450527,490,-70,910,
1759266326453153,271.25,210,1697.5,
1759266326455842,481.25,-472.5,1111.25,
1759266326458663,446.25,-533.75,1198.75,
1759266326461659,883.75,-253.75,1470,
1759266326464468,1155,-551.25,971.25,
1759266326467137,1356.25,-481.25,691.25,
1759266326469764,1907.5,-507.5,918.75,
1759266326472528,1881.25,-787.5,568.75,
1759266326475429,1758.75,-717.5,428.75,
1759266326478402,1505,-1006.25,813.75,
1759266326481109,1566.25,-1408.75,665,
1759266326483819,953.75,-1408.75,621.25,
1759266326486537,1128.75,-1645,533.75,
1759266326489401,1163.75,-1225,682.5,
1759266326492328,910,-796.25,875,
1759266326495438,595,-805,813.75,
1759266326498230,1303.75,-778.75,962.5,
1759266326500980,787.5,-551.25,1085,
1759266326503925,393.75,-997.5,1400,
1759266326506900,288.75,-1365,1461.25,
1759266326510232,201.25,-1452.5,1618.75,
1759266326513128,-26.25,-1400,1373.75,
1759266326515874,26.25,-953.75,1181.25,
1759266326518564,-210,-691.25,918.75,
1759266326521387,43.75,-428.75,1015,
1759266326524375,288.75,-315,770,
1759266326527009,1023.75,-621.25,323.75,
1759266326529633,1067.5,-1146.25,-87.5,
1759266326532288,962.5,-1286.25,87.5,
1759266326534844,708.75,-1181.25,131.25,
1759266326537539,551.25,-1338.75,638.75,
1759266326540310,630,-1085,796.25,
1759266326543503,-621.25,-1032.5,175,
1759266326546301,945,-332.5,428.75,
1759266326548966,-463.75,-332.5,-568.75,
1759266326551636,-603.75,586.25,691.25,
1759266326554600,-796.25,463.75,411.25,
1759266326557405,-271.25,-988.75,428.75,
